track_name,artists,id,genre,acousticness,danceability,duration_ms,energy,instrumentalness,key,liveness,loudness,mode,speechiness,tempo,valence
Falling,Lina Mayer,2wYHz0GOHV49Xezd5mWTDP,Pop,0.032,0.447,201385,0.594,0,5,0.111,-5.996,1,0.045,164.05,0.521
no tears left to cry,Ariana Grande,5SxkdsY1ufZzoq9iXceLw9,Pop,0.038,0.703,205947,0.696,0,0,0.274,-5.482,1,0.053,121.969,0.366
The Middle,"Zedd, Maren Morris, Grey",2ARqIya5NAuvFVHSN3bL0m,Pop,0.208,0.748,184732,0.652,0,7,0.128,-3.02,1,0.058,106.914,0.431
Never Be the Same - Radio Edit,Camila Cabello,0BlY60NrN0fFWbdW3RW40q,Pop,0.156,0.652,227077,0.682,0,0,0.121,-4.38,1,0.079,129.942,0.269
Meant to Be (feat. Florida Georgia Line),"Bebe Rexha, Florida Georgia Line",7iDa6hUg2VgEL1o1HjmfBn,Pop,0.047,0.643,163870,0.783,0,10,0.083,-6.458,1,0.086,154.084,0.579
Finesse (Remix) [feat. Cardi B],"Bruno Mars, Cardi B",3Vo4wInECJQuz9BIBMOu8i,Pop,0.019,0.704,217289,0.859,0,5,0.022,-4.877,0,0.1,105.115,0.926
Pray For Me (with Kendrick Lamar),"The Weeknd, Kendrick Lamar",4ofvoCdXq99vpMZO4Cfp8x,Pop,0.081,0.728,211440,0.668,0,2,0.102,-5.02,1,0.126,100.537,0.162
God's Plan,Drake,6T8cJz5lAqGer9GUHGyelE,Pop,0.028,0.755,198960,0.448,0,7,0.514,-9.587,1,0.107,77.179,0.318
Him & I (with Halsey),"G-Eazy, Halsey",3YU6vJbjYUG0tiJyXf9x5V,Pop,0.053,0.589,268867,0.731,0,2,0.308,-6.343,1,0.087,87.908,0.191
Let You Down,NF,6mrKP2jyIQmM0rw6fQryjr,Pop,0.33,0.659,212120,0.716,0,5,0.173,-5.673,0,0.111,148.015,0.437
New Rules,Dua Lipa,2ekn2ttSfGqwhhate0LSR0,Pop,0.003,0.762,209320,0.7,0,9,0.153,-6.021,0,0.069,116.073,0.608
Perfect,Ed Sheeran,0tgVpDi06FyKpA1z0VMD4v,Pop,0.163,0.599,263400,0.448,0,8,0.106,-6.312,1,0.023,95.05,0.168
Whatever It Takes,Imagine Dragons,4IWAyPf1KMq7JCyGeCjTeH,Pop,0.043,0.675,201240,0.649,0,1,0.128,-4.953,1,0.032,134.955,0.537
Wait,Maroon 5,1Qg9jWGDkKAGZXj5v2OG59,Pop,0.089,0.659,190643,0.604,0,8,0.105,-5.084,1,0.054,126.135,0.407
Mine,Bazzi,6tHWl8ows5JOZq9Yfaqn3M,Pop,0.014,0.716,133995,0.805,0,4,0.291,-3.839,1,0.086,142.886,0.719
FRIENDS,"Marshmello, Anne-Marie",08bNPGLD8AhKpnnERrAc6G,Pop,0.205,0.626,202621,0.88,0,9,0.128,-2.384,0,0.05,95.079,0.534
In My Blood,Shawn Mendes,79jX8RM5CgPqDKdGEKNW9K,Pop,0.052,0.628,211600,0.715,0,5,0.119,-7.097,1,0.054,139.991,0.429
Say Something,"Justin Timberlake, Chris Stapleton",1LhMopPAallLeaeNutqbgS,Pop,0.103,0.707,278893,0.632,0,10,0.084,-7.031,1,0.079,97.04,0.372
NO EXCUSES,Meghan Trainor,7fCNUWi6uflDTQ08srxMZk,Pop,0.022,0.827,152862,0.658,0,6,0.042,-3.846,1,0.052,115.016,0.523
I Like Me Better,Lauv,1wjzFQodRWrPcQ0AnYnvQ9,Pop,0.535,0.752,197437,0.505,0,9,0.104,-7.621,1,0.253,91.97,0.419
All The Stars (with SZA),"Kendrick Lamar, SZA",12SJpYZEdj4kzWZ8FPFg4Y,Pop,0.032,0.715,235540,0.62,0.014,5,0.088,-5.428,0,0.051,96.812,0.456
Tell Me You Love Me,Demi Lovato,5Htb1uFQ1KrkFXlefS8oGj,Pop,0.025,0.516,236987,0.592,0,3,0.181,-5.465,0,0.057,82.05,0.271
Psycho (feat. Ty Dolla $ign),"Post Malone, Ty Dolla $ign",7wrDRQgHlvDnimrRHfQZxt,Pop,0.59,0.748,220880,0.546,0,8,0.112,-8.134,1,0.106,140.005,0.413
IDGAF,Dua Lipa,5BG3hnp2SmFmoBIs3YTqsm,Pop,0.04,0.836,217947,0.544,0,7,0.082,-5.975,1,0.094,97.028,0.51
Want You Back,5 Seconds of Summer,2Pvr8rYuh5J8V7QglJhH6W,Pop,0.007,0.608,173073,0.873,0,0,0.196,-4.928,1,0.042,98.009,0.589
Delicate,Taylor Swift,7CneiDesUKFJO3Ix01dnfr,Pop,0.216,0.75,232253,0.404,0,9,0.091,-10.178,0,0.068,95.045,0.05
On The Loose,Niall Horan,4kVo85bcmBkvMBcJl42XCA,Pop,0.007,0.721,223814,0.613,0,11,0.125,-7.051,0,0.033,124.012,0.665
Alone (Feat. Big Sean & Stefflon Don),"Halsey, Big Sean, Stefflon Don",3tbNT2X5tfMIVeUflYbZUZ,Pop,0.016,0.445,207458,0.662,0,2,0.219,-4.802,0,0.181,200.04,0.479
No Roots,Alice Merton,7anBA0IdgFaN3Pbyk2tog0,Pop,0.264,0.863,235813,0.657,0.006,7,0.071,-7.295,1,0.105,115.958,0.829
Sit Next to Me - Radio Edit,Foster The People,3E5NUvTLszM8uymKQ227MP,Pop,0.087,0.678,202600,0.747,0,6,0.147,-5.416,0,0.029,97.004,0.815
Trust Fund Baby,Why Don't We,54j7EaJPDmSZYcNYvLSJ78,Pop,0.063,0.624,184460,0.785,0,8,0.135,-3.337,1,0.05,163.929,0.593
One Kiss (with Dua Lipa),"Calvin Harris, Dua Lipa",7ef4DlsgrMEH11cDZd32M6,Pop,0.037,0.791,214847,0.862,0,9,0.081,-3.24,0,0.11,123.994,0.592
Done For Me (feat. Kehlani),"Charlie Puth, Kehlani",76S09sHj7GGMJAtOLjmVQ2,Pop,0.193,0.856,180493,0.632,0,6,0.069,-3.692,0,0.074,112.009,0.697
Everyday,"Logic, Marshmello",6zOhgKfbMiQWToE6K13s2s,Pop,0.043,0.675,204827,0.748,0,1,0.079,-3.947,1,0.039,149.923,0.469
Everybody Hates Me,The Chainsmokers,3pIigjAWkzwAonXpJ1fmSF,Pop,0.008,0.471,224027,0.755,0,11,0.368,-6.612,0,0.046,154.801,0.512
Merengue,Kent Jones,3EypXSP7JVjtusvnBtAIBo,Pop,0.47,0.717,191032,0.864,0,1,0.147,-3.231,1,0.216,112.97,0.738
Stir Fry,Migos,2tek8UnoiJdkmpPMqa5KRQ,Pop,0.003,0.814,190288,0.819,0,2,0.133,-5.48,1,0.251,181.958,0.517
Love Lies (with Normani),"Khalid, Normani",45Egmo7icyopuzJN0oMEdk,Pop,0.096,0.708,201707,0.648,0,6,0.134,-5.626,1,0.045,143.955,0.338
Sober Up,"AJR, Rivers Cuomo",7bXvOMQ3UrcTS1dO9Ppzsg,Pop,0.277,0.647,218760,0.616,0,5,0.082,-4.948,1,0.027,93.019,0.79
Sober,"G-Eazy, Charlie Puth",0GOJobsbOSIF99y6CGr5o6,Pop,0.263,0.558,203960,0.766,0,6,0.32,-5.953,0,0.231,96.281,0.182
"These Days (feat. Jess Glynne, Macklemore & Dan Caplen)","Rudimental, Jess Glynne, Macklemore, Dan Caplen",5CLGzJsGqhCEECcpnFQA8x,Pop,0.194,0.653,210773,0.809,0,0,0.165,-4.057,1,0.047,92.213,0.55
Tattoo (How 'Bout You),In Real Life,76bAIHM7qJk1iMDM4WbWoI,Pop,0.196,0.865,229295,0.591,0,0,0.078,-6.039,1,0.237,109.03,0.597
Hearts Ain't Gonna Lie (with Jonas Blue),"Arlissa, Jonas Blue",1bfPwJtmZdqv6MPY5Wr7eH,Pop,0.086,0.438,201264,0.731,0,6,0.13,-4.566,0,0.06,92.958,0.466
Not A Love Song,bülow,0olvO9l53TxK1j0v4wrC5y,Pop,0.14,0.737,192293,0.523,0,7,0.127,-10.25,1,0.07,91.993,0.305
Sky Walker,"Miguel, Travis Scott",1DRW9bQzt2SE8f7H4KJZyL,Pop,0.088,0.629,260077,0.717,0,6,0.358,-5.706,1,0.064,145.959,0.129
Over My Head,Echosmith,3haxUceS8i97BLoB7WH3Mj,Pop,0.097,0.656,208233,0.723,0,11,0.343,-4.975,0,0.026,105.049,0.904
Pray,"Sam Smith, Logic",3n3b5WNEohHP7Ou4ndBo6b,Pop,0.224,0.637,221760,0.448,0,4,0.089,-7.968,0,0.062,87.919,0.224
Freaky Friday (feat. Chris Brown),"Lil Dicky, Chris Brown",10Igtw8bSDyyFs7KIsKngZ,Pop,0.147,0.755,216632,0.599,0,8,0.109,-5.042,1,0.224,133.123,0.755
Catch A Body (feat. Quavo),"LIVVIA, Quavo",1D2NjsP1malEdluqvBdMS0,Pop,0.247,0.716,202309,0.871,0,6,0.204,-4.371,0,0.194,90.973,0.609
All Night,Big Boi,2Bb3mu3lfUrcRoTi3IcvQc,Pop,0.057,0.849,241898,0.823,0,4,0.086,-4.563,1,0.044,135.929,0.846
Make Me Feel,Janelle Monáe,79GsUxLyzxgnN4I1E11dtO,Pop,0.132,0.859,194230,0.413,0,1,0.334,-7.399,1,0.182,115.035,0.697
Nowhere Fast (feat. Kehlani),"Eminem, Kehlani",6Ww0J5EFjiPxkgZpEkRQVN,Pop,0.261,0.708,264173,0.729,0,11,0.069,-4.621,1,0.188,79.024,0.644
Lights Down Low,MAX,5brHijrNA7UAFw74p4f5v3,Pop,0.063,0.623,223847,0.493,0,5,0.104,-7.727,0,0.034,81.019,0.594
Bad At Love,Halsey,2TBQoW7s6iwKcg139ssqie,Pop,0.057,0.664,181279,0.753,0,0,0.088,-3.589,1,0.032,118.253,0.54
Havana,"Camila Cabello, Young Thug",0ofbQMrRDsUaVKq2mGLEAb,Pop,0.186,0.768,216897,0.517,0,7,0.104,-4.323,0,0.031,104.992,0.418
Wolves,"Selena Gomez, Marshmello",0tBbt8CrmxbjRP0pueQkyU,Pop,0.129,0.72,197993,0.807,0,11,0.183,-4.59,0,0.043,124.946,0.305
rockstar (feat. 21 Savage),"Post Malone, 21 Savage",7wGoVu4Dady5GV0Sv4UIsx,Pop,0.13,0.577,218320,0.522,0,5,0.142,-6.594,0,0.098,159.772,0.119
Sorry Not Sorry,Demi Lovato,25C5CowdsfXld2jJanbiex,Pop,0.025,0.701,203760,0.638,0,11,0.256,-6.889,0,0.238,144.084,0.868
How Long,Charlie Puth,32DGGj6KlNuBr6WaqRxpxi,Pop,0.189,0.849,198237,0.581,0,1,0.081,-5.243,0,0.077,110.008,0.779
Thunder,Imagine Dragons,0tKcYR2II1VCQWT79i5NrW,Pop,0.007,0.6,187147,0.81,0.21,0,0.155,-4.749,1,0.048,167.88,0.298
Strip That Down,"Liam Payne, Quavo",6EpRaXYhGOB3fj4V2uDkMJ,Pop,0.246,0.869,204502,0.485,0,6,0.077,-5.595,1,0.055,106.028,0.527
Attention,Charlie Puth,4iLqG9SeJSnt0cSPICSjxv,Pop,0.097,0.774,211475,0.626,0,3,0.085,-4.432,0,0.043,100.041,0.777
Shape of You,Ed Sheeran,0FE9t6xYkqWXU2ahLh6D8X,Pop,0.581,0.825,233713,0.652,0,1,0.093,-3.183,0,0.08,95.977,0.931
Feel It Still,Portugal. The Man,7FESgYLcOufHqKlwrvJN60,Pop,0.041,0.78,163251,0.798,0,1,0.073,-5.151,0,0.061,78.969,0.771
There's Nothing Holdin' Me Back,Shawn Mendes,79cuOz3SPQTuFrp8WgftAu,Pop,0.381,0.857,199440,0.8,0,2,0.091,-4.035,1,0.058,121.996,0.966
Good Old Days (feat. Kesha),"Macklemore, Kesha",3vGmmVqWM33agHxB19EcAi,Pop,0.446,0.712,240507,0.51,0,8,0.112,-8.162,1,0.063,122.964,0.268
Slow Hands,Niall Horan,167NczpNbRF7oWakJaY3Hh,Pop,0.014,0.728,188174,0.426,0,0,0.055,-6.69,1,0.051,85.908,0.844
It Ain't Me (with Selena Gomez),"Kygo, Selena Gomez",3eR23VReFzcdmS7TYCrhCe,Pop,0.119,0.64,220781,0.533,0,0,0.086,-6.596,1,0.071,99.968,0.515
That's What I Like,Bruno Mars,0KKkJNfGyhkQ5aFogxQAPU,Pop,0.013,0.853,206693,0.56,0,1,0.094,-4.961,1,0.041,134.066,0.86
Stay (with Alessia Cara),"Zedd, Alessia Cara",0dA2Mk56wEzDgegdC6R17g,Pop,0.232,0.679,210091,0.634,0,5,0.115,-5.024,0,0.065,102.013,0.498
1-800-273-8255,"Logic, Alessia Cara, Khalid",5aFQU3VPCQ3YGfKBA4tLfj,Pop,0.568,0.627,250173,0.572,0,5,0.198,-7.738,0,0.037,100.041,0.361
Something Just Like This,"The Chainsmokers, Coldplay",1dNIEtp7AY3oDAKCGg2XkH,Pop,0.031,0.607,247627,0.649,0,11,0.174,-6.695,0,0.036,102.996,0.505
What Lovers Do (feat. SZA),"Maroon 5, SZA",4mxWSdf71VFO52qFeY0fZt,Pop,0.077,0.795,199849,0.608,0,5,0.085,-5.222,0,0.069,110.001,0.386
Despacito - Remix,"Luis Fonsi, Daddy Yankee, Justin Bieber",5CtI0qwDJkDQGwXD1H1cLb,Pop,0.229,0.694,228827,0.815,0,2,0.092,-4.328,1,0.12,88.931,0.813
"Let Me Go (with Alesso, Florida Georgia Line & watt)","Hailee Steinfeld, Alesso, Florida Georgia Line, watt",5AEtlRudpgdT5FtNiuly6Y,Pop,0.039,0.659,174800,0.717,0,8,0.077,-4.202,1,0.058,103.036,0.71
Young Dumb & Broke,Khalid,5Z3GHaZ6ec9bsiI5BenrbY,Pop,0.199,0.798,202547,0.539,0,1,0.165,-6.351,1,0.042,136.949,0.394
Closer,"The Chainsmokers, Halsey",7BKLCZ1jbUBVqRi2FVlTVw,Pop,0.414,0.748,244960,0.524,0,8,0.111,-5.599,1,0.034,95.01,0.661
No Promises (feat. Demi Lovato),"Cheat Codes, Demi Lovato",1louJpMmzEicAn7lzDalPW,Pop,0.058,0.741,223504,0.667,0,10,0.106,-5.445,1,0.134,112.956,0.595
Believer,Imagine Dragons,0CcQNd8CINkwQfe1RDtGV6,Pop,0.052,0.779,204347,0.787,0,10,0.14,-4.305,0,0.108,124.982,0.708
Let Me Love You,"DJ Snake, Justin Bieber",4pdPtRcBmOSQDlJ3Fk945m,Pop,0.078,0.476,205947,0.718,0,8,0.122,-5.309,1,0.058,199.864,0.142
Scars To Your Beautiful,Alessia Cara,42ydLwx4i5V49RXHOozJZq,Pop,0.029,0.573,230227,0.739,0,0,0.111,-5.74,1,0.129,97.085,0.451
Now Or Never,Halsey,1mDGDb2fUmUMdqV3tb8VKQ,Pop,0.107,0.67,214802,0.585,0,6,0.131,-4.861,0,0.035,110.03,0.447
Starboy,"The Weeknd, Daft Punk",7lQqaqZu0vjxzpdATOIsDt,Pop,0.159,0.68,230467,0.594,0,7,0.134,-7.021,1,0.28,186.04,0.475
Unforgettable,"French Montana, Swae Lee",1F2HXIJrE2Xn81OzT2zZvW,Pop,0.029,0.726,233833,0.769,0.01,6,0.104,-5.043,1,0.123,97.985,0.733
Don't Let Me Down,"The Chainsmokers, Daya",1i1fxkWeaMmKEB4T7zqbzK,Pop,0.157,0.532,208373,0.869,0.005,11,0.136,-5.094,1,0.172,159.803,0.422
Cheap Thrills,"Sia, Sean Paul",6b3b7lILUJqXcp6w9wNQSm,Pop,0.056,0.592,224813,0.8,0,6,0.078,-4.931,0,0.215,89.972,0.728
This Is What You Came For,"Calvin Harris, Rihanna",0azC730Exh71aQlOt9Zj3y,Pop,0.199,0.63,222160,0.928,0.124,9,0.148,-2.787,0,0.033,123.963,0.465
Side To Side,"Ariana Grande, Nicki Minaj",4pLwZjInHj3SimIyN9SnOz,Pop,0.041,0.648,226160,0.738,0,6,0.292,-5.883,0,0.247,159.145,0.603
24K Magic,Bruno Mars,2gFvRmQiWg9fN9i74Q0aiw,Pop,0.034,0.818,225983,0.803,0,1,0.153,-4.282,1,0.08,106.97,0.632
I Feel It Coming,"The Weeknd, Daft Punk",0VeYT2aD9t65JgofFZGpKl,Pop,0.413,0.768,269187,0.814,0,0,0.084,-5.91,0,0.151,92.979,0.541
Issues,Julia Michaels,1sXUWdKx03aP9Gmzft58rt,Pop,0.368,0.683,176347,0.427,0,8,0.06,-6.827,1,0.078,113.634,0.426
Say You Won't Let Go,James Arthur,1Pw5C4N6Fn5E4mGCxmbbVa,Pop,0.693,0.4,211240,0.564,0,10,0.086,-7.444,1,0.052,99.269,0.483
"I'm the One (feat. Justin Bieber, Quavo, Chance the Rapper & Lil Wayne)","DJ Khaled, Justin Bieber, Quavo, Chance the Rapper, Lil Wayne",72Q0FQQo32KJloivv5xge2,Pop,0.053,0.599,288877,0.667,0,7,0.134,-4.267,1,0.037,80.984,0.817
Rockabye (feat. Sean Paul & Anne-Marie),"Clean Bandit, Sean Paul, Anne-Marie",5knuzwU65gJK7IF5yJsuaW,Pop,0.406,0.72,251088,0.763,0,9,0.18,-4.068,0,0.052,101.965,0.742
Ride,Twenty One Pilots,2Z8WuEywRWYTKe1NybPQEW,Pop,0.008,0.645,214507,0.713,0,6,0.113,-5.355,1,0.039,74.989,0.566
Treat You Better,Shawn Mendes,53B2XmmjJ9rriW1qciMBeX,Pop,0.121,0.45,187973,0.825,0,10,0.109,-4.066,0,0.372,82.823,0.742
"CAN'T STOP THE FEELING! (Original Song from DreamWorks Animation's ""TROLLS"")",Justin Timberlake,6JV2JOEocMgcZxYSZelKcc,Pop,0.012,0.667,236002,0.83,0,0,0.191,-5.715,1,0.075,113.03,0.701
Paris,The Chainsmokers,15vzANxN8G9wWfwAJLLMCg,Pop,0.024,0.646,221520,0.644,0,2,0.089,-6.763,1,0.031,99.999,0.251
Wild Thoughts (feat. Rihanna & Bryson Tiller),"DJ Khaled, Rihanna, Bryson Tiller",4IIUaKqGMElZ3rGtuvYlNc,Pop,0.029,0.613,204664,0.681,0,8,0.126,-3.089,1,0.078,97.621,0.619
One Dance,"Drake, WizKid, Kyla",0JoaFxLgrqbWutREzcZBzS,Pop,0.008,0.771,173975,0.629,0.003,1,0.356,-5.79,1,0.051,103.918,0.362
Too Young,Post Malone,1GccVBNboZ77oSBMYaUpo2,Pop,0.271,0.602,237147,0.635,0,4,0.083,-6.526,0,0.052,123.05,0.225
"i hate u, i love u (feat. olivia o'brien)","gnash, Olivia O'Brien",7vRriwrloYVaoAe3a9wJHe,Pop,0.687,0.492,251034,0.275,0,6,0.101,-13.4,0,0.3,92.6,0.18
Lay Me Down,"Sam Smith, John Legend",64GRDrL1efgXclrhVCeuA0,Pop,0.919,0.468,219536,0.19,0,4,0.107,-11.138,1,0.037,125.319,0.326
I'm Not The Only One,Sam Smith,7795WJLVKJoAyVoOtCWqXN,Pop,0.529,0.677,239317,0.485,0,5,0.077,-5.795,1,0.036,82.001,0.493
Piece Of Me,Bullet For My Valentine,7uODYAQGgOU21nSxkjafmV,Metal,0.007,0.447,206007,0.942,0,1,0.069,-4.561,1,0.072,138.775,0.198
Prey,Parkway Drive,6aPDAyrtj011Mzjg9NK0tT,Metal,0,0.27,255231,0.964,0.025,6,0.525,-4.545,1,0.087,99.731,0.325
Fen of Shadows,Skeletonwitch,0xGsgz7zJJwy2kNb3LEe1D,Metal,0,0.379,478507,0.898,0.469,4,0.484,-4.955,0,0.067,140.041,0.07
Country Heroes,DevilDriver,5akgD0VyDme6NGXi57DfqP,Metal,0,0.336,221920,0.87,0.329,9,0.053,-4.893,1,0.087,130.127,0.044
Lives,Daron Malakian and Scars On Broadway,6jl3XQPqTMd5d9etAp7kJ2,Metal,0.01,0.527,245428,0.947,0,0,0.163,-1.975,0,0.04,142.057,0.489
Medicated,Sevendust,3Arp7lY86WpQMnrHLXRv6M,Metal,0,0.477,209052,0.925,0,10,0.314,-5.219,0,0.158,140.009,0.264
Rats,Ghost,5zuY71mWmwarLSzzJHygP2,Metal,0,0.522,261573,0.944,0.482,2,0.135,-5.731,0,0.094,124.029,0.236
When Legends Rise,Godsmack,6wt1Y7oZoOPXTsG2calurz,Metal,0,0.437,172826,0.907,0,4,0.099,-4.284,0,0.245,124.033,0.477
Old Fashioned,Madball,50zwsMOQ19FNmUMtqBMzyf,Metal,0,0.494,130907,0.994,0,6,0.19,-4.77,0,0.051,92.546,0.458
Sham Pain,Five Finger Death Punch,03HyPRDdAwvkovBE6XubBC,Metal,0,0.554,209703,0.938,0,11,0.147,-4.901,0,0.053,96.5,0.4
Kerosene,Burn The Priest,5MwRlODXZXo2AuPvMAgiY5,Metal,0,0.436,372804,0.975,0.344,1,0.39,-5.395,0,0.143,199.976,0.262
Machine (ft. Gary Stringer),Skindred,1HquAMQ1212Fzp2zBvHlVI,Metal,0,0.454,212020,0.972,0.001,7,0.238,-2.788,1,0.1,145.971,0.477
Nail Biter,Sink The Ship,3RzyghmdGPDn6NeEXamC2v,Metal,0,0.41,213333,0.994,0,9,0.092,-3.958,0,0.156,135.035,0.081
House of Doom,Candlemass,0MLniYYTnLHcSKytBjR0jj,Metal,0,0.211,381413,0.916,0.014,6,0.108,-6.242,0,0.064,105.965,0.149
Dropout,Pallbearer,1PaejblOMlnQiMUUn85DBF,Metal,0,0.317,314994,0.894,0.028,2,0.081,-5.958,1,0.069,130.301,0.375
Waste,Zeal & Ardor,3nPjOr3fbBHzsHNCWnEBC7,Metal,0,0.147,199347,0.799,0.845,0,0.252,-5.877,1,0.076,162.785,0.093
Shadowlands,Mos Generator,7lxPjFRAPmlVkHD6ded89T,Metal,0.001,0.375,274560,0.969,0.001,5,0.196,-5.727,0,0.072,144.329,0.676
Hail the Ash,Wolf King,5EqVCH2hex0pQHiO0FH9bX,Metal,0,0.343,272500,0.963,0.87,0,0.163,-4.709,1,0.091,180.061,0.108
Werwolf,Marduk,7IoJyfqqHtm6Sq6PPMKilD,Metal,0,0.412,122880,0.995,0,9,0.245,-5.359,1,0.091,155.012,0.183
Daggers of Black Haze,At The Gates,57n95eCpLXKEc6ww9Q2PKR,Metal,0,0.116,283529,0.914,0.775,4,0.128,-6.464,0,0.052,169.623,0.271
Shades Ablaze,Aura Noir,77CdUFrya4BKSHyNQRjsmA,Metal,0,0.158,176165,0.998,0.253,6,0.357,-3.857,0,0.176,138.528,0.033
Party Monster,Siamese,7iV1VkQhsPrI2h9mPQYDfm,Metal,0.007,0.597,173419,0.866,0,4,0.088,-6.574,0,0.059,154.996,0.672
A Meditation Upon Death,"Nonexist, Mikael Stanne, Chris Amott",0rw4O9dcTXWYNygvsBHnab,Metal,0,0.105,347538,0.884,0.863,7,0.452,-8.288,1,0.063,177.732,0.227
Lechery,Nekrokraft,4Tkz6tlWzQckC7Prr4Q0m6,Metal,0,0.164,314440,0.938,0.214,5,0.159,-5.476,1,0.102,112.516,0.044
A Grotesque Reflection,Light This City,750WF02D3eoxYwCesfsweY,Metal,0,0.445,208873,0.98,0.232,10,0.112,-4.36,0,0.114,102.432,0.1
Allegory of the Cave,Blood Tsunami,6rii5E2Smr3EUf3an3vrAg,Metal,0,0.41,177627,0.993,0.328,3,0.078,-3.831,1,0.103,92.625,0.301
Hand of the Divine,The Agony Scene,3A6czTc03gZxTDMVNEVjpa,Metal,0,0.193,211392,0.986,0.821,2,0.088,-3.9,1,0.09,95.094,0.195
Sons Of Salem,Orange Goblin,2jHJZPMCFUVaYnQBOUiNcU,Metal,0,0.374,180013,0.902,0.783,0,0.09,-5.304,0,0.104,107.591,0.618
Chaos Theory and Practice,Alkaloid,4XDC57xHtx1kfJuxnbeipB,Metal,0.001,0.252,511011,0.962,0,2,0.421,-5.522,0,0.238,112.153,0.201
Faux Pharaoh,Lucifer,73fRKpP43h62djNE8wJF2t,Metal,0.05,0.164,325613,0.789,0,9,0.206,-6.604,1,0.074,144.598,0.319
Hatred Index,Witch Casket,1nqxKuZulR8ZfqRtRh4h2X,Metal,0,0.475,257200,0.978,0.668,6,0.132,-5.503,1,0.113,116.067,0.205
Fire Up,"Verni, Mike Orlando",5iJrCtmkmNNiLLZra5X7YL,Metal,0.001,0.527,240707,0.994,0,2,0.071,-2.285,1,0.09,101.983,0.449
Dangerous Idiot,Violation Wound,4kEU9JYj1UsUhXTI3nVgiH,Metal,0,0.173,140813,0.983,0.001,1,0.355,-3.893,1,0.148,185.172,0.214
Gatekeeper,Cancer Bats,7aM5GAbVs78BODFqKh6TJV,Metal,0,0.205,167280,0.977,0.012,5,0.346,-4.18,0,0.204,140.367,0.149
"So Long, And Thanks For All The Fish",A Perfect Circle,4R5kwDx0ryIMiK2PKqbNVY,Metal,0.001,0.5,266093,0.873,0.061,2,0.072,-3.869,1,0.037,130.048,0.325
Celebration of the Twisted,LIK,7knHTs6yKuh51o2t2wyYWL,Metal,0,0.184,236500,0.992,0.3,0,0.055,-4.696,1,0.14,150.037,0.126
No Masters,Bad Wolves,59X92CQE0hfvAYG0dwUXdo,Metal,0,0.495,233095,0.949,0.002,5,0.328,-4.797,0,0.054,95.959,0.501
All Light Swallowed,Fragments Of Unbecoming,3TdSHpP4nLe3YTvqud4fnt,Metal,0,0.438,265787,0.972,0.007,1,0.076,-4.408,1,0.127,120.048,0.112
Take You with Me,Tremonti,67svM7lM1q4KOKL2B96oeM,Metal,0,0.333,259538,0.965,0,4,0.259,-3.955,1,0.206,180.099,0.424
Invidious,Ingested,0FFI8kPrtI1bWTLyOsLxzi,Metal,0,0.301,258246,0.981,0,9,0.063,-4.121,1,0.175,134.922,0.129
Black Flame - Single Edit,Bury Tomorrow,6REc2Tq4G2RW5zKXtusTLF,Metal,0,0.376,233964,0.982,0,5,0.16,-3.779,0,0.063,148.926,0.15
Till sörjerskorna,Grá,6thwH4yVycrUyzaBWEWqRj,Metal,0,0.313,248000,0.931,0.008,3,0.149,-9.296,0,0.052,172.975,0.08
Burnin',Black Stone Cherry,6tdsMsJFhPLnithLHopS9w,Metal,0,0.56,208747,0.917,0.006,6,0.111,-3.014,1,0.04,115.942,0.692
Father's Son,LIMBS,30e77p13tVKfY1mVV2bQbs,Metal,0.002,0.44,225442,0.964,0,8,0.101,-4.185,1,0.146,119.926,0.147
Broken,From Ashes to New,5Cl9GDb0AyQnppRr6q7ldb,Metal,0.001,0.526,200311,0.903,0,2,0.111,-4.59,0,0.044,144.017,0.45
Sacrifice Me,"Issa, Deen Castronovo",3jB905z3Niu90ooF1bu3IN,Metal,0,0.238,245982,0.741,0,4,0.096,-6.798,0,0.04,187.767,0.415
Moaner,TRC,4zobz1X0Sv4NVgsbZy6jpu,Metal,0,0.504,189714,0.922,0,1,0.344,-3.482,1,0.14,169.963,0.327
Addict,Heruin,44GqJ6L6QTZYJHIHeqWzCn,Metal,0,0.426,216917,0.962,0,9,0.379,-3.452,1,0.08,74.997,0.579
Sikiö,Turmion Kätilöt,0JoXth1ZKFcO7HkKCqsw1i,Metal,0.003,0.476,235933,0.994,0,9,0.743,-5.589,1,0.064,82.524,0.619
Farewell,Angelus Apatrida,4YFJUov19mCjCkyHRNl4vD,Metal,0,0.544,384627,0.942,0.028,1,0.101,-3.517,1,0.045,119.997,0.422
Surrogate,The Raven Age,1NuxmVm3NykaYADimgML7v,Metal,0,0.513,261000,0.883,0.001,3,0.326,-4.093,0,0.046,119.975,0.253
Hate Me,Beneath The Silence,7HlkctL4RBmW3EAtP9wkye,Metal,0,0.44,289753,0.958,0,8,0.392,-4.907,1,0.147,148.024,0.324
Wrong Direction,Amorphis,2BYxHRTEpSJyhwzluZLqpA,Metal,0.004,0.484,309132,0.976,0.025,9,0.183,-4.604,0,0.075,130.082,0.254
Let Me Love You,Kobra And The Lotus,7zIgtuQhXpWim5nAXDZcgi,Metal,0,0.424,271600,0.981,0.01,5,0.09,-4.23,1,0.054,153.042,0.592
Holding My Breath,Alien Weaponry,5rKNYYab1xRvERXBJ0wb0o,Metal,0,0.474,274311,0.94,0.009,7,0.067,-6.429,1,0.141,174.953,0.456
Circle of Anger,Sandberg,6KXCrRVtuWbPms6DgE2cUu,Metal,0.006,0.177,239750,0.899,0.001,1,0.129,-6.522,1,0.055,60.002,0.464
Krokodil,Heave Blood & Die,34H4FAZ801AXdF9zpVsxqZ,Metal,0,0.129,246644,0.799,0.68,5,0.103,-6.735,1,0.058,89.462,0.335
My Midnight Things,Lizzy Borden,6VDQFrgoZmTR0nKVCFXMtc,Metal,0,0.45,261378,0.939,0,0,0.186,-3.474,0,0.098,149.973,0.281
Isolation,Khemmis,1begpAd1sFGCVXxqg9zszQ,Metal,0,0.263,288021,0.943,0,10,0.147,-4.19,0,0.045,115.056,0.462
Letting Go,Gus G.,5ei4t0Agr7hUFzIzQj7SOt,Metal,0,0.439,250400,0.934,0.01,5,0.16,-5.094,0,0.103,162.048,0.495
Chemical Solution,Odd Palace,3J7DjOGqwhzdOyQt4zXUzF,Metal,0,0.555,240000,0.798,0.001,6,0.184,-6.356,0,0.036,138.026,0.403
Survive Sunrise,ASG,60AxESWxEK77yFQ9DGeOFQ,Metal,0,0.147,207318,0.682,0.879,5,0.128,-8.325,1,0.046,101.544,0.119
700 Club,Fiends,6dz8HsRysVXdeMRjgsLOfK,Metal,0,0.291,328409,0.978,0.433,10,0.327,-3.179,1,0.156,129.552,0.223
Juno,TesseracT,0AtM8eGmS8imRoJ9Y4La4E,Metal,0.006,0.584,312789,0.898,0.01,5,0.139,-6.352,0,0.048,108.009,0.26
Torn in Two,Breaking Benjamin,3e07PcEvFRAE21NIOuNFZ0,Metal,0,0.42,257453,0.942,0.018,8,0.109,-3.626,1,0.19,94.513,0.361
A Dying Machine,Tremonti,1Nsc2kfss1hl9bE2t3hzYo,Metal,0,0.461,378607,0.96,0,1,0.279,-4.656,0,0.087,145.057,0.309
Honeycomb,Deafheaven,5rm8qWqgvsTMDlREekSiCw,Metal,0,0.225,664440,0.962,0.79,2,0.106,-5.214,1,0.105,142.621,0.114
Scars (feat. Florestan Durand),"LANDMVRKS, Florestan Durand",5qgEK0SeIuMikzMvQjOp0M,Metal,0,0.431,252923,0.973,0,6,0.073,-2.981,0,0.091,130.074,0.213
The Screen,YOB,3c1E6jJ5G8tfNP4dckfLqb,Metal,0.013,0.615,589833,0.666,0.102,2,0.076,-6.75,0,0.036,126.153,0.531
Your Tongue's Got the Cat,Lordi,3iACOkH9sYQkQZciP9MmSY,Metal,0,0.521,285898,0.925,0,11,0.128,-5.566,0,0.032,130.076,0.323
Torn Apart,Of Virtue,5ufKbkbMS7a5WE9dfFyTjo,Metal,0,0.332,241333,0.981,0.001,8,0.098,-2.794,1,0.212,180.187,0.25
Confessions,GroundCulture,16QLpYVMQplYAwiIJMvLWp,Metal,0,0.301,146493,0.974,0,7,0.054,-3.293,1,0.103,160.116,0.188
Ignite,VENUES,6PAhL3p8jSgNtDDPVp4nc0,Metal,0.016,0.43,256374,0.972,0,11,0.095,-4.259,0,0.176,147.616,0.312
Alive,Bleed From Within,6pz5cIbHc2Hygoad3qUeGM,Metal,0,0.305,285493,0.973,0,4,0.301,-3.466,1,0.109,151.213,0.177
Libertà,Mustasch,5jLm8MS0pkMrsyR0KdDKz5,Metal,0,0.484,234933,0.948,0,5,0.348,-4.542,1,0.07,139.95,0.154
The Evil Kin,Kalmah,1lIdudjAtcX2Va1IfflkMF,Metal,0,0.423,255240,0.985,0.817,6,0.12,-5.48,1,0.093,147.989,0.283
The Silent Life,Rivers of Nihil,4iDQzPpa7FJ1RYfIGdH49e,Metal,0,0.437,394578,0.916,0.8,1,0.306,-6.515,0,0.066,99.995,0.255
Lose Yourself,Sharks In Your Mouth,3YYz8UgH5wK8JzUg0N7vM6,Metal,0.002,0.398,309241,0.847,0,2,0.105,-4.234,1,0.082,171.032,0.147
Guillotine,Kataklysm,13fQMd0ey4iIf0dNcGtgfV,Metal,0,0.472,176009,0.983,0.001,4,0.199,-3.595,1,0.089,115.035,0.225
Event Horizon,Deceptic,1vG7ktxMRX1GAEqxATnhiI,Metal,0.007,0.381,225829,0.95,0,7,0.068,-6.744,1,0.106,199.916,0.231
Spoil My Night (feat. Swae Lee),"Post Malone, Swae Lee",5VuxWXbt7XENQCtE9TzpTv,Rap,0.337,0.669,194560,0.675,0,1,0.109,-2.869,1,0.034,160.911,0.262
Nice For What,Drake,1cTZMwcBJT0Ka3UJPXOeeN,Rap,0.093,0.567,210926,0.913,0,8,0.114,-6.471,1,0.074,93.35,0.792
KOD,J. Cole,7yotKA30dwTKNEGomV9ZsI,Rap,0.21,0.831,191437,0.782,0,0,0.113,-6.274,1,0.15,141.869,0.199
Look Alive (feat. Drake),"BlocBoy JB, Drake",4qKcDkK6siZ7Jp1Jb4m0aL,Rap,0.001,0.922,181263,0.581,0,10,0.105,-7.495,1,0.27,140.022,0.595
1942,"G-Eazy, Yo Gotti, YBN Nahmir",794QVQtFNy7hvtjQP1keQd,Rap,0.015,0.817,213080,0.646,0,4,0.125,-5.12,0,0.249,162.898,0.835
Walk It Talk It,"Migos, Drake",6n4U3TlzUGhdSFbUUhTvLP,Rap,0.074,0.909,276147,0.628,0,2,0.108,-5.456,1,0.201,145.905,0.406
2 Vaults (feat. Lil Yachty),"Tee Grizzley, Lil Yachty",0KmgnnbSO6Iqye27Rdtv13,Rap,0.264,0.921,210000,0.586,0,8,0.119,-7.77,1,0.406,96.042,0.657
JAPAN,Famous Dex,4lTiuD1DwBKo4L7wqMkD7C,Rap,0.121,0.733,144149,0.678,0,6,0.345,-7.771,1,0.439,175.984,0.841
Plug Walk,Rich The Kid,0gD6lWJhbXHWNVwQziSVvl,Rap,0.224,0.882,175511,0.503,0,11,0.108,-6.618,1,0.179,95.011,0.176
Esskeetit,Lil Pump,44KKhCyI0BGS6LvVyDqJtH,Rap,0.022,0.932,181714,0.506,0,11,0.093,-7.755,1,0.161,139.974,0.696
Powerglide (feat. Juicy J) - From SR3MM,"Rae Sremmurd, Swae Lee, Slim Jxmmi, Juicy J",2yUbCEiaolfSMluDo9RMmG,Rap,0.015,0.712,332301,0.829,0,1,0.122,-4.707,0,0.141,173.953,0.593
Motiv8,J. Cole,1AT4xjNarTswd0UZ5FlmKF,Rap,0.135,0.869,133922,0.385,0,4,0.093,-7.801,1,0.297,149.897,0.596
Ric Flair Drip (& Metro Boomin),"Offset, Metro Boomin",7sO5G9EABYOXQKNPNiE9NR,Rap,0.149,0.88,172800,0.428,0,9,0.114,-8.28,1,0.206,100.007,0.333
SAD!,XXXTENTACION,35ieKju5aLWFN5UgfJ27mL,Rap,0.258,0.74,166568,0.613,0.004,8,0.123,-4.88,1,0.145,75.023,0.473
Pineapple (feat. Gucci Mane & Quavo),"Ty Dolla $ign, Gucci Mane, Quavo",0TFVOjSvPTjFHkiZZekK5k,Rap,0.03,0.964,218261,0.555,0.001,5,0.128,-6.245,0,0.05,130.017,0.338
420 Freestyle,Wiz Khalifa,3gbN8NCqagIB9JO567Nw5C,Rap,0.006,0.923,215172,0.647,0,5,0.086,-5.69,0,0.072,145.006,0.536
Creeping (feat. Rich the Kid),"Lil Skies, Rich The Kid",7ms3VzLTfr7fXNOqA4Mkx9,Rap,0.011,0.729,179831,0.687,0,8,0.162,-8.06,0,0.25,160.085,0.683
God's Plan,Drake,2XW4DbS6NddZxRPm5rMCeY,Rap,0.031,0.758,198960,0.448,0,7,0.558,-9.441,1,0.103,77.176,0.373
ATM,J. Cole,2UciqgwVDwro0fev3MFbxJ,Rap,0.115,0.719,216727,0.497,0,8,0.09,-7.661,1,0.681,81.651,0.345
Psycho (feat. Ty Dolla $ign),"Post Malone, Ty Dolla $ign",65NwOZqoXny4JxqAPlfxRF,Rap,0.566,0.74,220880,0.558,0,8,0.112,-8.115,1,0.102,140.057,0.421
Guatemala - From Swaecation,"Rae Sremmurd, Swae Lee, Slim Jxmmi",6sTDhYVVXU3HSDuG7mBLRU,Rap,0.185,0.849,256341,0.699,0.001,4,0.095,-5.193,0,0.057,100.989,0.078
Aries (YuGo) Part 2 (with Rae Sremmurd & Big Sean feat. Quavo & Pharrell),"Mike WiLL Made-It, Rae Sremmurd, Big Sean, Quavo, Pharrell Williams",5NkfVQS8BkceRgoSQwcW6H,Rap,0.128,0.871,273087,0.552,0,4,0.272,-4.953,0,0.051,141.973,0.27
Who Run It (Remix) [Feat. Lil Uzi Vert],G Writ,36fmvm49vZC9VM5X2DQJVe,Rap,0.041,0.669,263343,0.809,0,6,0.378,-5.718,0,0.296,159.364,0.605
Diamond Teeth Samurai,YoungBoy Never Broke Again,3tdGYraExDxOA5js4hVRbA,Rap,0.005,0.799,162488,0.659,0,10,0.13,-5.593,0,0.272,177.957,0.256
Chun-Li,Nicki Minaj,2gTYVoQCUh0QNUaFix01ld,Rap,0.307,0.643,191606,0.766,0,6,0.107,-4.788,0,0.384,97.092,0.463
Bad Company,"A$AP Rocky, BlocBoy JB",3ZYwSDF9knZI0RVlKR4PHC,Rap,0.068,0.901,183809,0.529,0,8,0.536,-7.94,1,0.413,144.941,0.343
Slingshot,Lil Xan,5J3LR9JWrZIUTG7UGZkIKg,Rap,0.056,0.928,89973,0.778,0,7,0.129,-6.962,0,0.252,122.998,0.668
Anybody (feat. Nicki Minaj),"Young Thug, Nicki Minaj",5I30ByMf5nhgbSokY1EZiN,Rap,0.038,0.901,254947,0.472,0,11,0.11,-8.416,0,0.194,120,0.479
"King's Dead (with Kendrick Lamar, Future & James Blake)","Jay Rock, Kendrick Lamar, Future, James Blake",51rXHuKN8Loc4sUlKPODgH,Rap,0.001,0.563,229670,0.717,0,1,0.183,-5.186,1,0.337,82.064,0.427
Outside Today,YoungBoy Never Broke Again,5Qx9hngUBr30JFrNua7yp4,Rap,0.139,0.851,129105,0.666,0,11,0.105,-5.334,0,0.069,134.068,0.059
Red Roses (feat. Landon Cube),"Lil Skies, Landon Cube",3ZhTT6yjZwpPph5MIJ53XY,Rap,0.547,0.691,262544,0.683,0,0,0.221,-7.335,1,0.095,140.002,0.456
A$AP Forever,"A$AP Rocky, Moby",1YmF9PvLhIISIANoMLIYGq,Rap,0.224,0.469,233061,0.78,0,10,0.13,-6.49,0,0.122,125.999,0.444
End Of Discussion (feat. Lil Wayne),"Rich The Kid, Lil Wayne",0qFX9pVJQB4lBMxRoFXqGr,Rap,0.176,0.784,236944,0.58,0,0,0.098,-6.656,1,0.167,76.484,0.338
Bounce Out With That,YBN Nahmir,5lZsh9Qf7CbHI9Fcc7Zcsq,Rap,0.037,0.865,97202,0.652,0,8,0.093,-8.218,1,0.105,94.946,0.372
123,"Smokepurpp, Murda Beatz",2xCzUIQwX5Y3wEFJnHoc3J,Rap,0.196,0.88,170000,0.61,0,9,0.105,-5.257,1,0.402,135.993,0.383
Paramedic!,SOB X RBE,2tPcTFiQF9MbVUyjZ3zDhA,Rap,0.177,0.856,219307,0.652,0,1,0.193,-5.324,1,0.143,97.017,0.471
Chek,"DJ Esco, Future",5SGYanjZguKYg5PgVzFsvR,Rap,0.199,0.879,202861,0.617,0,1,0.264,-6.333,1,0.254,144.399,0.345
We Don't Luv Em (Remix),"HoodRich Pablo Juan, Gucci Mane, 1017 Eskimo",2Y43TDqgnRgVZA7RxtxEV1,Rap,0.293,0.896,193776,0.615,0,6,0.122,-9.326,0,0.326,140.04,0.89
Maintain,"Belly, NAV",1k9B8MqhGKbVV3dTpwUxn5,Rap,0.333,0.878,216240,0.62,0,2,0.391,-5.485,1,0.112,133.027,0.218
Barbie Tingz,Nicki Minaj,2qsQ8eVDPmobZpvDxQCVQu,Rap,0.085,0.917,191700,0.689,0,6,0.603,-6.225,1,0.264,102.414,0.443
Chanel (feat. Swae Lee & Pharrell) - From Jxmtro,"Rae Sremmurd, Swae Lee, Slim Jxmmi, Pharrell Williams",5D0YYVfsYxLmcrVAfoBPxR,Rap,0.006,0.98,264001,0.713,0,5,0.106,-4.98,1,0.047,125.03,0.67
Bickenhead,Cardi B,17Yq72h0p15OhCbZ5lJ5gd,Rap,0.154,0.884,181624,0.814,0,7,0.158,-5.333,1,0.303,155.938,0.907
Rover 2.0,"BlocBoy JB, 21 Savage",7sB2rmolvEt77KFPCraSNc,Rap,0.189,0.914,275872,0.781,0,9,0.126,-5.467,0,0.302,140.09,0.806
B.I.D,Tory Lanez,6dnrppGRbt8fie18Lcd9Dd,Rap,0.103,0.767,164133,0.689,0,10,0.079,-5.573,0,0.085,154.957,0.555
PROUD,"2 Chainz, YG, Offset",365wwIjijQdlRJEjUWTidq,Rap,0.738,0.781,234667,0.81,0,10,0.144,-4.301,0,0.356,173.949,0.908
SUU WHOOP,YG,1pWeQDyW5ieMmfjr8HP5TU,Rap,0.033,0.799,185200,0.325,0,2,0.114,-9.91,1,0.506,157.966,0.233
66,"Lil Yachty, Trippie Redd",6tarvNiKnEjYMj1VZhlDqR,Rap,0.046,0.667,153475,0.723,0,5,0.213,-4.31,0,0.27,148.057,0.251
Top Off,"DJ Khaled, JAY Z, Future, Beyoncé",1W6wxOOYyJyyok8fqYSZ3m,Rap,0.011,0.573,230713,0.591,0,11,0.455,-6.715,0,0.331,86.721,0.232
OKRA,"Tyler, The Creator",74ZovzRxHBvCq5yIwe8boh,Rap,0.046,0.589,151027,0.57,0,1,0.137,-9.54,1,0.361,136.203,0.441
Solitaire (feat. Migos & Lil Yachty),"Gucci Mane, Migos, Lil Yachty",3DxZfFYJLwKDJtUwnLEhkL,Rap,0.027,0.811,139130,0.54,0,11,0.106,-7.977,0,0.329,138.016,0.436
One Number Away,Luke Combs,4gB7HrYHbJVJ5RFOjxmoq4,Country,0.006,0.544,221800,0.781,0,6,0.191,-6.16,0,0.031,144.075,0.527
Hooked,Dylan Scott,6LF5IVPG7xBcvPgI6Bfcsl,Country,0.036,0.597,149293,0.721,0,9,0.083,-6.422,1,0.036,132.054,0.437
Babe,"Sugarland, Taylor Swift",5FNeJveCmVB2TPDbIYqK0M,Country,0.019,0.535,215107,0.777,0,4,0.136,-3.292,1,0.207,171.72,0.664
Something 'Bout You,Sir Rosevelt,6QkObBYNxVVUYt4FSpnTqY,Country,0.189,0.692,160107,0.692,0,2,0.088,-6.065,1,0.082,153.255,0.75
I Was Jack (You Were Diane),Jake Owen,52K3RIVDetSuZPzcTmIVoY,Country,0.102,0.603,188013,0.872,0,6,0.051,-3.563,1,0.049,94.008,0.594
Leave Right Now,Thomas Rhett,0wyja8xD9cNhDtfuY0dVMP,Country,0.007,0.474,195667,0.583,0,4,0.128,-7.093,1,0.047,148.051,0.366
Never Be the Same (feat. Kane Brown),"Camila Cabello, Kane Brown",0xk4woi8ENN8VWFDZTcF8h,Country,0.238,0.6,225539,0.671,0,0,0.164,-4.875,1,0.089,129.782,0.25
Up Down (feat. Florida Georgia Line),"Morgan Wallen, Florida Georgia Line",3LhzpgimYSZhTx5KuchwVX,Country,0.091,0.59,196240,0.881,0,6,0.157,-2.898,1,0.035,129.928,0.734
She's With Me,High Valley,2p2cCrOaNrIOLk5ArtlHy6,Country,0.029,0.599,180302,0.931,0,11,0.102,-3.662,1,0.052,111.012,0.788
"Woman, Amen",Dierks Bentley,4YX7OBp0yoMwC6eZNNg5ky,Country,0.001,0.563,180243,0.772,0,5,0.214,-6.737,1,0.059,119.909,0.394
Break Up in the End,Cole Swindell,7uVkYr8gxcPEgqohvynpdN,Country,0.456,0.51,199436,0.386,0,1,0.252,-8.391,1,0.031,86.36,0.266
"Speakers, Bleachers And Preachers",Brandon Lay,0Is6MRHWKe7y2xIxDkvO6l,Country,0.302,0.603,192920,0.625,0,6,0.141,-6.563,1,0.026,96.02,0.651
Rearview Town,Jason Aldean,3yHTTHbT058Ow0favhZO38,Country,0.023,0.526,184173,0.85,0,10,0.095,-4.47,0,0.031,141.973,0.338
Delicate,Taylor Swift,6NFyWDv5CjfwuzoCkw47Xf,Country,0.216,0.75,232253,0.404,0,9,0.091,-10.178,0,0.068,95.045,0.05
Unforgettable,Thomas Rhett,30MM5jWpUmOxtTNd9Ey5LZ,Country,0.032,0.663,157080,0.738,0,7,0.086,-5.48,1,0.03,130.02,0.825
Parallel Line,Keith Urban,6W4DY8jGf8POlFsMQhR2E6,Country,0.204,0.617,253084,0.482,0,0,0.216,-5.121,1,0.032,81.73,0.508
Look At You,Seth Ennis,7AK5vh1cRnO3YxAjOjL4Yy,Country,0.042,0.687,195418,0.625,0,1,0.151,-6.942,0,0.028,104.027,0.866
Be Careful What You Wish For,Luke Combs,5gfK6bZFaApxdSHsHXrwPD,Country,0.011,0.501,175493,0.876,0,3,0.135,-4.792,1,0.04,159.025,0.681
Whole Lot in Love,Austin Burke,5H4YGepZNnPhnOHA9vZSEP,Country,0.353,0.791,166787,0.715,0,7,0.115,-5.809,1,0.038,112.027,0.593
Kiss Somebody,Morgan Evans,1mJMD1VIQ7jWTP9DK2zmY0,Country,0.143,0.492,212445,0.681,0,6,0.199,-7.038,1,0.075,178.01,0.511
The Long Way,Brett Eldredge,1KTLLe980WR4RLKg74Ud6e,Country,0.265,0.488,208653,0.637,0,10,0.106,-7.63,1,0.04,88.872,0.23
Shoot Me Straight - Radio Edit,Brothers Osborne,0ya80Qhw7hgeJp2L6zvxcj,Country,0.008,0.636,207053,0.784,0,2,0.081,-6.01,1,0.045,96.996,0.613
Famous,Mason Ramsey,2HGymMoOdB4ZYv0AAqYmgF,Country,0.708,0.534,192520,0.815,0,5,0.111,-2.815,1,0.028,159.848,0.564
You Make It Easy,Jason Aldean,2ZxTjs4EdJl4Y9YByIiNoo,Country,0.143,0.375,196800,0.574,0,7,0.11,-5.305,1,0.032,132.025,0.406
When It Rains It Pours,Luke Combs,1mMLMZYXkMueg65jRRWG1l,Country,0.013,0.551,240760,0.801,0,6,0.265,-5.069,1,0.03,128.027,0.625
Eyes On You,Chase Rice,2u7Nm46dAujcAi5Rw79CJL,Country,0.323,0.606,182493,0.652,0,9,0.201,-6.982,1,0.028,97.155,0.476
Cry Pretty,Carrie Underwood,47gqRMoIkFm7Rac86xZVh7,Country,0.005,0.351,246467,0.736,0,6,0.109,-3.318,1,0.046,140.299,0.237
Say Something,"Justin Timberlake, Chris Stapleton",09ts3GnICqYEU5PkQCpJK3,Country,0.103,0.707,278893,0.632,0,10,0.084,-7.031,1,0.079,97.04,0.372
Happens Like That,Granger Smith,5Zx1zVpDJsNgyY3HvNfsfC,Country,0.189,0.557,171493,0.807,0,7,0.234,-5.428,1,0.083,81.045,0.578
Born to Love You,LANCO,77a5Eu7lC3tG0Sukt2O91U,Country,0.13,0.659,230013,0.902,0,7,0.057,-6.192,1,0.03,124.985,0.809
Keeper of the Flame - Radio Edit,Miranda Lambert,6Hey64wSB5r98RMd4ozzsy,Country,0.303,0.631,219945,0.662,0,6,0.17,-6.392,1,0.033,116.563,0.268
Slower,Filmore,7M1PQZeyqslVtY5ZiYBGLo,Country,0.107,0.687,172534,0.75,0,11,0.161,-4.537,1,0.097,98.987,0.911
Hangin' On,Chris Young,6CyJlVAEFlNdpggOLanytL,Country,0.065,0.434,185440,0.831,0,8,0.119,-4.774,1,0.045,156.034,0.596
Caught Up In The Country,"Rodney Atkins, The Fisk Jubilee Singers",2BgunkkepMPFpArQj1Dx5s,Country,0.007,0.564,160991,0.904,0,7,0.528,-3.808,1,0.058,124.102,0.637
Butterflies,Kacey Musgraves,30VHURM5NOfoZmqp2iKawS,Country,0.252,0.689,219053,0.614,0,4,0.178,-6.137,0,0.031,141.97,0.411
All On Me,Devin Dawson,2Nc8Imt04W3ZmcBF8dPQKc,Country,0.144,0.631,227573,0.658,0,5,0.22,-5.313,1,0.028,80.996,0.7
Yours,Russell Dickerson,6RSNKGdv3nDTHqgw4bdzyF,Country,0.119,0.555,216960,0.722,0,11,0.086,-6.005,1,0.034,134.058,0.559
Hello Beautiful,Noah Schnacky,4pYd8dIohiqc3KsxSRqf0w,Country,0.54,0.504,216993,0.472,0,9,0.306,-6.925,1,0.04,73.521,0.313
Life Changes,Thomas Rhett,4Vxu50qVrQcycjRyJQaZLC,Country,0.105,0.687,190227,0.842,0,7,0.044,-4.382,1,0.058,87.968,0.778
I Lived It,Blake Shelton,5slddJ629YcePvqD6Uyk8r,Country,0.476,0.557,219600,0.571,0.001,10,0.101,-8.106,1,0.028,80.981,0.392
Coming Home,"Keith Urban, Julia Michaels",7qLE35vc5XvUVrm8Kg9Vmx,Country,0.204,0.384,214728,0.705,0,4,0.069,-6.949,1,0.243,89.572,0.522
Heaven,Kane Brown,1HXy5I3HTWq8OvxCn0z7G7,Country,0.263,0.677,179507,0.556,0,9,0.105,-6.544,1,0.031,80.009,0.521
I'd Be Jealous Too,Dustin Lynch,7rdK9NSJIRBZAiXC0vuBS9,Country,0.09,0.716,185707,0.718,0,0,0.473,-5.355,1,0.029,100.934,0.537
Heart Break,Lady Antebellum,3YZ5TNGA10oTLaADq4zuNV,Country,0.049,0.512,188293,0.88,0,2,0.313,-5.47,1,0.037,167.979,0.696
Written in the Sand,Old Dominion,6usHXaTn54uwwozmH00d3X,Country,0.593,0.725,184080,0.437,0,6,0.084,-9.602,1,0.058,83.985,0.759
Tequila,Dan + Shay,7Il2yWQmsqKgSkLQvHTPUI,Country,0.029,0.474,195987,0.594,0,11,0.133,-5.756,1,0.029,86.131,0.503
Marry Me,Thomas Rhett,0OWZFobGSIW9GrSlQ9C5pc,Country,0.113,0.588,205453,0.408,0,3,0.13,-8.662,1,0.024,85.008,0.484
Drunk Me,Mitchell Tenpenny,3N2AIfVOq6NiTcWHIP4Oco,Country,0.201,0.386,213024,0.799,0,2,0.103,-3.789,1,0.056,86.333,0.391
I Hate Love Songs,Kelsea Ballerini,4Bzs0eTQVVJxBSz4ljzics,Country,0.252,0.384,191187,0.446,0,11,0.185,-7.807,1,0.03,180.181,0.399
Singles You Up,Jordan Davis,3IPkbTA8KkdDXyWtGkfFXa,Country,0.044,0.489,182693,0.9,0,7,0.247,-3.563,1,0.049,200.054,0.611
Take Back Home Girl (feat. Tori Kelly),"Chris Lane, Tori Kelly",2gVBXeTjwL0ZEh9gjsQjk0,Country,0.368,0.494,211427,0.78,0,11,0.092,-3.825,1,0.064,159.708,0.664
Get Along,Kenny Chesney,2ZFrEp20VO25BXYhMxh0GW,Country,0.1,0.602,199627,0.805,0,7,0.172,-6.079,1,0.047,92.401,0.322
I Got You,Josh Mirenda,1dbRZljBhUrIFrpLTXOXqq,Country,0.081,0.49,170440,0.88,0,7,0.103,-5.185,1,0.073,91.93,0.493
She Ain't in It,Jon Pardi,1Be8liECvEP5NYZjYvukbI,Country,0.123,0.56,198467,0.679,0,5,0.224,-4.527,1,0.024,92.928,0.622
Most People Are Good,Luke Bryan,79LAFAkR1ATb4iIQvZuCL0,Country,0.174,0.582,221801,0.728,0,8,0.139,-6.151,1,0.029,150.013,0.537
Port Alex,Altan,5OPoGFel9ubOb09aQT55yw,Acoustic,0.86,0.606,142252,0.232,0.812,7,0.117,-18.124,1,0.093,177.822,0.641
Don't Let Me Down (Instrumental),Joy Williams,18RRTF9SbEOM9h3aoMKeNc,Acoustic,0.994,0.702,180419,0.047,0.97,11,0.091,-22.9,1,0.068,132.039,0.132
"No Woman, No Cry (Arr. Kanneh-Mason)",Sheku Kanneh-Mason,1JUkO4vVk4LcvwP9sWBBRM,Acoustic,0.98,0.285,146019,0.023,0.146,2,0.117,-27.431,1,0.056,79.856,0.206
7 Years (Acoustic) - Recorded at Spotify Studios Nyc,Lindsey Stirling,1VK5JYdgrJZENDl1taa2cS,Acoustic,0.736,0.366,147427,0.493,0,10,0.106,-7.414,1,0.05,116.031,0.306
Young Folks,City of the Sun,2R5k6cUbYlhJfZGO1erVMV,Acoustic,0.796,0.731,284286,0.482,0.945,0,0.079,-10.771,1,0.029,125.999,0.225
Chime,Alan Gogoll,3Zb3SXZdtyNA0Cdq0DWLeC,Acoustic,0.516,0.55,106286,0.327,0.819,1,0.115,-22.131,1,0.044,121.806,0.713
Chandelier (Instrumental Version),Steve Petrunak,1HVLmKLkPyFbfO4IyLksG7,Acoustic,0.959,0.375,213109,0.414,0.898,1,0.102,-7.26,1,0.048,84.793,0.376
Am I Wrong - Acoustic Guitar Version,The Man on Guitar,4DQPbY5zjuRKDndrswinwP,Acoustic,0.672,0.828,183967,0.372,0.877,1,0.109,-10.967,0,0.091,121.027,0.569
Tucana - Instrumental,Mt. Wolf,31W8L9o3Tr4c2QdIwQ98Wz,Acoustic,0.656,0.648,156360,0.399,0.798,4,0.09,-13.197,1,0.042,84.064,0.151
Little Talks (Instrumental Version),The O'Neill Brothers Group,6BkxPaEx2a10JGV4364hCh,Acoustic,0.921,0.705,217417,0.258,0.943,1,0.127,-11.161,1,0.036,101.967,0.239
Rather Be - Acoustic Guitar Version,The Man on Guitar,5m9DeYXRRC7w6sWJdZ6qz7,Acoustic,0.812,0.79,230000,0.569,0.899,8,0.098,-6.117,0,0.055,122.04,0.435
Stay (Instrumental),Gavin Mikhail,2WbkiKZxUoXd3ByUrUaRZo,Acoustic,0.995,0.671,242473,0.46,0.951,9,0.129,-13.887,0,0.049,112.003,0.775
Starboy - Piano Arrangement,Niko Kotoulas,6waC3wIDE2P3iS14uHzdp5,Acoustic,0.957,0.257,252187,0.474,0.856,9,0.125,-10.698,0,0.035,93.589,0.241
Apologize an Acoustic Tribute to One Republic,Will Taylor and Strings Attached,0fP8S6WD9NBX3KzGJpLfkC,Acoustic,0.922,0.478,170630,0.296,0.854,9,0.112,-14.341,0,0.051,135.318,0.253
Young & Beautiful (Instrumental Version),The O'Neill Brothers Group,1ZqYhYRDzSuuIypKZXaFZT,Acoustic,0.987,0.497,223478,0.174,0.917,11,0.147,-14.468,0,0.033,115.485,0.128
Skinny Love,David Fischbein,2qhsUyXlhgQUfFNSR6ayuS,Acoustic,0.989,0.505,253567,0.029,0.895,6,0.099,-22.933,1,0.041,66.014,0.114
Let Her Go,David Fischbein,2fIVdzd4JW4HnwzqrvCysf,Acoustic,0.989,0.257,192727,0.032,0.944,8,0.16,-23.03,1,0.042,205.506,0.268
Wolf Whistle (feat. Dave Alley & Dave Khan),"Jon Sanders, Dave Khan, Dave Alley",35BrErF6VAIne3YqPfyvDh,Acoustic,0.895,0.746,243960,0.126,0.427,7,0.095,-13.982,1,0.049,106.825,0.448
Crazy in Love,Maxence Cyrin,6fh2YS29IrmW1yCHMlTDTM,Acoustic,0.937,0.233,232160,0.3,0.896,2,0.105,-15.242,0,0.035,170.816,0.034
I Will Wait (Instrumental),Gavin Mikhail,6ku8wWIPgkVW21HSQk6tjH,Acoustic,0.973,0.438,275628,0.52,0.88,1,0.115,-9.908,1,0.041,133.038,0.192
Chasing Cars,David Sides,4rY9mVRJWkb1zi7poObces,Acoustic,0.989,0.526,272363,0.246,0.901,9,0.097,-23.915,1,0.044,99.977,0.191
Rude (Instrumental Version),Steve Petrunak,3MRrI9xd9mkxLFWCFcwmAb,Acoustic,0.942,0.717,221751,0.518,0.85,1,0.139,-6.539,1,0.045,143.779,0.627
Viva la Vida,David Sides,0EF2bRraxKDVqEDSg7OKYJ,Acoustic,0.959,0.657,244020,0.323,0.776,5,0.11,-17.188,0,0.045,137,0.301
Maps (Instrumental Version),Steve Petrunak,3CK264UGtEvPpbvVEadVIP,Acoustic,0.981,0.736,190573,0.534,0.866,1,0.198,-7.926,0,0.071,119.95,0.696
No Surprises,Ramin Djawadi,2EqLuzLRumAUy1A90UV2rz,Acoustic,0.939,0.753,242520,0.327,0.822,5,0.083,-14.524,1,0.067,139.987,0.552
Hotline Bling (Piano Arrangement),The Theorist,7hrWRhCCAE7kBfVBkXLEdT,Acoustic,0.98,0.425,232229,0.226,0.915,5,0.096,-16.979,1,0.041,125.398,0.066
Cool Kids (Instrumental Version),Steve Petrunak,3AEV3hR5adfBog5CLhsWVS,Acoustic,0.909,0.761,242505,0.469,0.864,8,0.13,-7.674,1,0.056,130.076,0.554
Prayer in C - Acoustic Guitar Version,The Man on Guitar,0ATgOdkIvNNgpTnZJQp4Ck,Acoustic,0.128,0.886,203522,0.43,0.879,0,0.06,-12.156,1,0.118,122.999,0.378
La Mer Peu Profonde,The Ballroom Thieves,0qlwfXNM5YTxYzLMtZuTym,Acoustic,0.833,0.543,60387,0.148,0.881,5,0.11,-17.457,1,0.069,134.084,0.421
Wake Me Up (Instrumental),Gavin Mikhail,6JIViGhL0pnDwDNlWqUmyz,Acoustic,0.983,0.256,260551,0.395,0.872,8,0.174,-12.036,1,0.054,178.171,0.151
Game of Thrones Medley,2CELLOS,0LLK7yaku9bb3QAuf3py93,Acoustic,0.934,0.119,304227,0.594,0.91,5,0.105,-9.736,0,0.057,84.566,0.147
Coming Home,Ely Jaffe,4uEWUbAmN8CY8GwGEfVFTv,Acoustic,0.323,0.537,167868,0.514,0,11,0.087,-6.247,0,0.052,136.545,0.462
Habits (Stay High) [Instrumental Version],Steve Petrunak,16MH7WjEbCNGzH9PrIMgfi,Acoustic,0.911,0.738,209925,0.547,0.89,5,0.112,-8.592,1,0.047,110.015,0.22
The Lazy Song,The Shady Ukulele Band,2QI0djAPzksbQQiQZH5vqU,Acoustic,0.799,0.712,192836,0.481,0.83,11,0.084,-12.396,1,0.094,174.961,0.747
Wrecking Ball,Bernard Dubicki,602bRvSIzuRyPUllVvhwUA,Acoustic,0.993,0.401,260576,0.065,0.917,9,0.103,-22.219,1,0.048,199.585,0.157
All of Me,Ellen Courtois,6p711pj5pLIa6mVJrk2PAx,Acoustic,0.968,0.603,234543,0.095,0.927,5,0.114,-19.221,1,0.037,71.972,0.073
When I Was Your Man (Instrumental Version),The O'Neill Brothers Group,3zk7fxSrDMzWGtp5Mh7k2J,Acoustic,0.846,0.569,210860,0.211,0.891,7,0.107,-13.589,1,0.032,147.865,0.175
Little Lion Man (Instrumental Version),The O'Neill Brothers Group,3UUmzrGEeNZoffRWu7gKrJ,Acoustic,0.501,0.532,211952,0.415,0.922,5,0.105,-14.672,1,0.03,141.827,0.266
Californication - Acoustic Guitar Cover,The Man on Guitar,31KYw8j2NCgeDaTWrlTm0D,Acoustic,0.927,0.642,206234,0.281,0.87,9,0.095,-12.216,0,0.057,171.883,0.275
Sweet Child O' Mine,Trace Bundy,1OyrFYSp3fnpXakgTz4yxw,Acoustic,0.792,0.657,264720,0.399,0.913,7,0.151,-11.974,1,0.041,113.973,0.726
A Thousand Years,The Piano Guys,0E0xI4AgMNU7UkwBt3FCVN,Acoustic,0.989,0.23,275973,0.217,0.892,10,0.084,-13.464,1,0.039,157.084,0.156
I'm Yours,Instrumental Pop Players,17ByZJPIM4RoKxeWbKtltD,Acoustic,0.498,0.557,249130,0.441,0.797,11,0.141,-8.27,1,0.039,154.115,0.37
Black Hole Sun,Ramin Djawadi,7Ap7h823EAc1GBj6JKHBEK,Acoustic,0.985,0.759,148760,0.253,0.887,5,0.112,-15.709,0,0.051,98.984,0.266
"Hey, Soul Sister",Acoustic Guitar Tribute Players,0oqAf7pxrRFIj9hlebCRAQ,Acoustic,0.761,0.654,216921,0.593,0.883,4,0.084,-6.529,1,0.048,97.006,0.483
Cry Me A River,David Garrett,4qEPcXwif4thULut32oPqK,Acoustic,0.542,0.57,195784,0.486,0.588,8,0.116,-9.283,0,0.047,76.968,0.656
Use Somebody,Instrumental Pop Songs,6Ku0bY5NhoSq9kU1fYz8BH,Acoustic,0.887,0.75,232548,0.31,0.907,5,0.128,-12.534,1,0.066,133.921,0.218
Skyfall,Ely Jaffe,31J06ok5AORJFFF3xDVste,Acoustic,0.522,0.531,205411,0.424,0.891,0,0.158,-4.393,0,0.03,76.072,0.092
All Of Me Violin Cover,Alison Sparrow,2vcvckOg239y6j18Ei3JV0,Acoustic,0.904,0.491,281428,0.239,0,8,0.082,-13.648,1,0.035,125.865,0.198
Angi,Davy Graham,2wxpgRChMOPsE9lebeEzMj,Acoustic,0.961,0.475,147067,0.07,0.891,0,0.13,-22.699,0,0.047,153.597,0.497
Stay (Instrumental Version),The O'Neill Brothers Group,7MfTO5QDPGGWD846Ar0Sva,Acoustic,0.436,0.796,215719,0.415,0.797,9,0.108,-13.755,0,0.051,120.999,0.572
The A Team (Angels To Fly) (Instrumental),Gavin Mikhail,5EufMaUYHnFgnNE3C2wLd0,Acoustic,0.986,0.554,291424,0.312,0.927,8,0.112,-16.227,1,0.048,78.998,0.169
Smells Like Teen Spirit,David Garrett,3FT92lQ7y5LzT2QOlhuwTg,Acoustic,0.157,0.497,247600,0.857,0.936,4,0.1,-5.525,0,0.056,115.989,0.166
Beautiful Boy,Bill Frisell,61gyeuR4ESBZqktbqsJhDt,Acoustic,0.173,0.517,207987,0.493,0.541,2,0.107,-8.917,1,0.028,120.882,0.366
Skinny Love (Instrumental),Gavin Mikhail,4qJYasnpFJQSIQl555fs7p,Acoustic,0.983,0.717,239940,0.077,0.933,11,0.141,-12.299,1,0.065,132.076,0.107
Come Together,Trevor Gordon Hall,0pMBUD69Fl5Yxa9X9oV3qc,Acoustic,0.024,0.685,338560,0.608,0.838,4,0.082,-7.36,1,0.063,168.367,0.606
Neanderthal,Kaki King,6dLkbgtwhk5vzSLhbRlW8A,Acoustic,0.87,0.237,268040,0.317,0.939,6,0.11,-15.322,1,0.039,111.312,0.204
Across the Universe,Stephen Bennett,5JeB0aWdpAZr5fR2cgHc5w,Acoustic,0.949,0.747,239960,0.167,0.824,1,0.108,-16.378,1,0.066,77.926,0.107
In My Life,Bill Frisell,1Aod0worDm2ctoIbiLMmLp,Acoustic,0.609,0.427,245227,0.266,0.438,9,0.098,-12.726,1,0.03,79.777,0.141
Hey Jude,Stephen Bennett,220cgqZrOmpWb4QGLrwmTR,Acoustic,0.904,0.252,207347,0.262,0.934,5,0.09,-14.57,1,0.036,182.482,0.499
You Found Me (made famous by The Fray ),St. Martin's Symphony Of Los Angeles,0IPl0wpJXJTBFKgYnNxEFT,Acoustic,0.908,0.181,241974,0.383,0.929,8,0.125,-10.335,0,0.033,75.994,0.241
Blackbird (Arr. for Classical Guitar),Dieter Max,3AvE9LrlIkqtH32RKm5DwE,Acoustic,0.952,0.272,133659,0.18,0.912,7,0.115,-17.314,1,0.037,101.115,0.289
Let It Go,The Piano Guys,1wpyVNJcutD5uYyjDreWaW,Acoustic,0.809,0.602,241840,0.667,0.892,8,0.109,-7.55,1,0.032,140.038,0.489
You've Got To Hide Your Love Away,Bill Frisell,5p1p8YYZXlMJAaYEQE2ZZx,Acoustic,0.45,0.294,310867,0.416,0.439,7,0.115,-8.243,1,0.027,76.472,0.206
The Long and Winding Road,Trevor Gordon Hall,41XWMcA73Z3snk9XpzeskX,Acoustic,0.253,0.486,229027,0.359,0.413,4,0.166,-11.556,1,0.034,134.214,0.241
Love Story (made famous by Taylor Swift ),St. Martin's Symphony Of Los Angeles,1URUMa7E9Rzd96i7Z9rFRd,Acoustic,0.857,0.48,234500,0.396,0.901,2,0.114,-8.567,1,0.032,119.95,0.124
I Will Wait,2CELLOS,2QYddNy8VSCk1mKP3eDN7H,Acoustic,0.235,0.363,247413,0.625,0.82,7,0.63,-7.518,1,0.081,148.967,0.209
Show You,Marshmello,1KDX8TC34n6CNryBEEMclR,EDM,0,0.507,177465,0.969,0.935,10,0.173,-3.643,1,0.04,142.006,0.242
Find Me,Marshmello,6aWiGv6hPG0o3ri7QHNs8t,EDM,0,0.557,180000,0.889,0,0,0.325,-4.045,1,0.05,142.015,0.173
Know Me,Marshmello,1aS1uzcAC14lduwuNJZjqE,EDM,0.006,0.664,206197,0.844,0.003,5,0.542,-5.012,0,0.041,142.056,0.557
Keep It Mello (feat. Omar LinX),"Omar LinX, Marshmello",0Q3SC6kEhxYagDP3bFe5K9,EDM,0.001,0.686,243380,0.888,0.001,1,0.074,-3.348,1,0.086,142.015,0.108
SOS,"stereoGO, Brandon Fox",4WCNiW7DJFE6h94q5NPZmZ,EDM,0.005,0.704,191000,0.933,0,6,0.113,-4.186,0,0.144,149.924,0.447
Be Right There,"Diplo, Sleepy Tom",59ZSmCCe6Ao1qtptCqX9Tk,EDM,0.003,0.695,237051,0.797,0.112,7,0.664,-5.199,1,0.055,124.972,0.297
In My Room (feat. Ty Dolla $ign & Tyga),"Mustard, Yellow Claw, Tyga, Ty Dolla $ign",1xQv4unOladJFtLUOy2eb7,EDM,0.002,0.745,168641,0.869,0,6,0.08,-4.375,1,0.044,104.015,0.814
Strangers,"Seven Lions, Myon & Shane 54, Tove Lo",2U0pVx4m1Kdm1Gsjjm6iq8,EDM,0.013,0.577,204213,0.691,0,0,0.124,-7.437,0,0.039,129.984,0.507
Until You Were Gone,"The Chainsmokers, Tritonal, Emily Warren",12MqM3S0fTvR6X4Jt1Xvn6,EDM,0.054,0.577,215625,0.698,0,1,0.131,-4.773,1,0.045,128.061,0.324
Something Better,"Audien, Lady Antebellum",33lXq3csEWwYNn6x0sM3Et,EDM,0.062,0.561,212619,0.837,0,2,0.254,-2.563,1,0.066,126.012,0.445
Untouchable,"Tritonal, Cash Cash",05dL7chWJaVjMJnGO1YCKk,EDM,0.066,0.542,228837,0.795,0,7,0.313,-3.131,1,0.038,128.959,0.251
Leaving You,"Audien, Michael S.",22qUyTlEvJf6DAlyQjMADe,EDM,0.021,0.638,212427,0.74,0,9,0.142,-4.928,0,0.058,128.045,0.454
All We Need (feat. Shy Girls),"ODESZA, Shy Girls",5jnp8E61wcoF6qIEtDHQnJ,EDM,0.004,0.644,211200,0.848,0.017,4,0.063,-4.952,0,0.051,99.989,0.283
Firestone (feat. Conrad Sewell),"Kygo, Conrad Sewell",2sNvitW3TxiTeC9xT9f2ZZ,EDM,0.408,0.486,273684,0.652,0,11,0.077,-7.226,0,0.052,113.055,0.391
Say My Name (feat. Zyra),"ODESZA, Zyra",1LeItUMezKA1HdCHxYICed,EDM,0.004,0.749,262957,0.745,0.395,6,0.075,-7.367,0,0.048,115.048,0.347
Let You Go - Radio Edit,"The Chainsmokers, Great Good Fine Ok",2Mh0jU5IyRTQfpyMnvki5Z,EDM,0.276,0.59,218973,0.887,0,5,0.08,-2.851,1,0.093,126.029,0.258
Blame - R3HAB Trap Remix,"Calvin Harris, John Newman, R3HAB",0wRaAh1Km76Blq4qMJjjvN,EDM,0.029,0.614,212093,0.911,0,0,0.135,-4.102,0,0.044,141.941,0.175
Runaway (U & I),Galantis,46lFttIf5hnUZMGvjK0Wxo,EDM,0.007,0.506,227074,0.805,0.002,1,0.086,-4.119,1,0.047,126.008,0.383
Often - Kygo Remix,"The Weeknd, Kygo",27NV2KxoQ8WuLMqlTDI61F,EDM,0.123,0.523,234400,0.491,0,7,0.331,-9.876,0,0.049,80.156,0.408
Middle,"DJ Snake, Bipolar Sunshine",2bKhIGdMdcqCqQ2ZhSv5nE,EDM,0.018,0.564,220573,0.737,0,9,0.054,-4.079,1,0.041,104.764,0.211
Till It Hurts (feat. Ayden),"Yellow Claw, Ayden",6hJSH3jS9jG6khVclppBJw,EDM,0.001,0.55,188680,0.893,0,8,0.158,-4.048,1,0.031,144.982,0.278
Shotgun (feat. Rochelle),"Yellow Claw, Rochelle",2LGfcxG9LcDOxnltIPE1Zq,EDM,0.013,0.664,193893,0.907,0.176,4,0.26,-3.213,0,0.033,144.956,0.226
Smoke Filled Room,Mako,4f13AaRyukUTWleyKXaRDh,EDM,0.024,0.574,195503,0.731,0,11,0.078,-4.582,1,0.066,127.925,0.402
Take Ü There (feat. Kiesza),"Jack Ü, Skrillex, Diplo, Kiesza",2RpKh7kXSdO8NLrW9VQ46p,EDM,0.052,0.542,210000,0.879,0,6,0.171,-1.427,0,0.092,159.888,0.118
Coming Over,"Dillon Francis, Kygo, James Hersey",6m3ZWIXhjoV76syT1j2oE9,EDM,0.227,0.631,178333,0.661,0,5,0.166,-5.5,0,0.1,174.031,0.698
Candyman,"Zedd, Aloe Blacc",0NWQTyapmz4GuDTSN9xTB7,EDM,0.023,0.573,178920,0.875,0,2,0.356,-4.057,0,0.052,149.974,0.235
Anchor,Tritonal,69mlHIPayAZVzC32RaVty5,EDM,0.008,0.536,216923,0.832,0,8,0.054,-3.762,1,0.041,130.069,0.175
Now Or Never - Radio Edit,"Tritonal, Phoebe Ryan",5cr2MqXUs0TGaDByQnKVnX,EDM,0.108,0.527,251250,0.809,0.01,6,0.104,-4.037,0,0.042,127.925,0.309
Running Out,"Matoma, Astrid S",2H8LPaY3NSjmOFMH2Rygnz,EDM,0.086,0.601,211200,0.682,0.004,10,0.132,-5.905,1,0.034,94.999,0.17
Catch Me (feat. Naaz),"Flux Pavilion, Yellow Claw, Naaz",2aLIBIlebwNpljSxFczUcL,EDM,0.036,0.56,162383,0.916,0.001,7,0.102,-3.328,0,0.066,144.933,0.585
Stay,"Kygo, Maty Noyes",7gBj0VgcuAgkXkiRRYvSmK,EDM,0.044,0.648,239465,0.736,0,8,0.171,-7.948,1,0.039,103.027,0.378
Inside Out,"The Chainsmokers, Charlee",7sG2bWi2eDtvX9vX8yC1Gn,EDM,0.003,0.545,233773,0.65,0,7,0.122,-5.853,0,0.032,143.937,0.121
I Wanna Know,"Alesso, Nico & Vinz",2kYqdSlrtovVMMIn6ykzba,EDM,0.076,0.651,240413,0.823,0,2,0.094,-3.632,1,0.033,115.946,0.505
Blackout - Radio Edit,"Tritonal, Steph Jones",2qJLp4SATqV1OP5IDN7SMl,EDM,0.233,0.529,211690,0.739,0.001,7,0.112,-2.62,0,0.03,141.889,0.183
Us,"Kaskade, CID",6RXdg3NwyLU5pHUwkZq6VA,EDM,0.009,0.643,195333,0.87,0,11,0.058,-5.035,1,0.057,124.961,0.193
Disarm You (feat. Ilsey),"Kaskade, Ilsey",3xQjivjUZ4KnUslduTEYKC,EDM,0.043,0.446,221133,0.793,0,5,0.159,-3.912,0,0.056,127.799,0.313
SummerThing!,"Afrojack, Mike Taylor",1KcnJTiXJXAqW5bB7zpkBC,EDM,0.057,0.707,235344,0.77,0,0,0.294,-5.45,1,0.075,130.053,0.762
If I Lose Myself - Alesso vs OneRepublic,"OneRepublic, Alesso",1hZk9dktp4yRFTm0TrycuH,EDM,0.219,0.523,214813,0.782,0,2,0.133,-4.846,1,0.041,125.998,0.164
Get Low,"Dillon Francis, DJ Snake",3oZoXyU0SkDldgS7AcN4y4,EDM,0.028,0.674,212773,0.932,0.71,11,0.684,-4.424,0,0.086,101.033,0.728
"Devil (feat. Busta Rhymes, B.o.B & Neon Hitch)","Cash Cash, Busta Rhymes, B.o.B, Neon Hitch",4bciEWCPPeR2UiVloDyUc5,EDM,0.055,0.613,210307,0.765,0,9,0.205,-2.974,0,0.057,144.893,0.335
You Know You Like It,"DJ Snake, AlunaGeorge",57kR5SniQIbsbVoIjjOUDa,EDM,0.011,0.426,247267,0.722,0,5,0.262,-5.369,0,0.196,196.133,0.25
Overload - The Chainsmokers Remix,Life of Dillon,18KDpXD6e2UGRA5ORND1CU,EDM,0.004,0.72,197016,0.587,0,8,0.109,-6.458,1,0.032,130.018,0.313
Dollhouse - Jai Wolf Remix,Melanie Martinez,3uRZdsfjv6aWD7OV6VQPz6,EDM,0.375,0.651,248527,0.453,0,0,0.347,-9.595,0,0.027,140.003,0.39
Lean On (feat. MØ & DJ Snake),"Major Lazer, MØ, DJ Snake",4KcVVhAaHxqtX2ANt4b3tc,EDM,0.003,0.713,176561,0.79,0.001,7,0.485,-4.602,0,0.057,98.011,0.308
Sweet Escape,"Alesso, Sirena",6vPJvkEuWZPcv58NnQ3dBR,EDM,0.072,0.572,232533,0.839,0,2,0.197,-3.865,1,0.04,126.029,0.516
What If I Go? (feat. Bonzai),"Mura Masa, Bonzai",3LjEaWzh33DiR8MtrVbJnI,EDM,0.375,0.487,200550,0.623,0,7,0.308,-7.388,1,0.464,200.155,0.894
Firefly,"Mura Masa, Nao",79nopNMm3rJSUfQfMkG0Ur,EDM,0.415,0.793,228000,0.449,0,10,0.064,-9.243,1,0.136,109.982,0.46
Is It Love,"3LAU, Yeah Boy",2ig0x2zNvcOugS1Z0YCnHb,EDM,0.067,0.643,228960,0.742,0.004,9,0.161,-7.2,1,0.041,125.001,0.294
Roses,"The Chainsmokers, ROZES",3vv9phIu6Y1vX3jcqaGz5Z,EDM,0.044,0.713,226739,0.802,0.004,4,0.309,-7.055,1,0.056,100.001,0.343
Our Story - Radio Edit,Mako,4nP6jRqPZjFGDfBZpwxwh2,EDM,0.172,0.513,208125,0.689,0,8,0.248,-3.548,1,0.036,128.097,0.41
All Time Low,Jon Bellion,5wQRNkb7OhzJoT1P0OZ4Rw,EDM,0.389,0.672,221333,0.386,0,0,0.084,-9.715,1,0.264,90.082,0.529
Into The Sunset,Mako,02E0dSRldGrrrJyTY7O4uA,EDM,0.476,0.435,207581,0.726,0,10,0.266,-6.153,1,0.137,123.938,0.609
Is It Love - Arty Remix,"3LAU, Yeah Boy, ARTY",1qJhb6zftFI5PT39nL84vw,EDM,0.004,0.454,202510,0.846,0,1,0.105,-4.577,0,0.076,128.064,0.216
Emotional,"Flux Pavilion, Matthew Koma",4yNoaxUJjnP50AXYoAZx4S,EDM,0.003,0.493,235276,0.865,0.276,11,0.107,-4.672,0,0.061,150.003,0.43
Do Or Die (feat. Childish Gambino),"Flux Pavilion, Childish Gambino",2BTPW7osibjN9gFDRY4mYN,EDM,0,0.624,245091,0.83,0,11,0.306,-5.018,0,0.121,145.146,0.432
I Can't Stop,Flux Pavilion,5WSL7UTa38jMWoBzObD4BD,EDM,0.001,0.524,305786,0.601,0.601,0,0.398,-13.399,0,0.034,139.972,0.314
How To Love (feat. Sofia Reyes),"Cash Cash, Sofia Reyes",2VYiQ9ijG3NER2aevaxzDi,EDM,0.148,0.673,219240,0.894,0,0,0.141,-2.73,1,0.059,118.894,0.63
This Is Love,"Tritonal, Chris Ramos, Shanahan",1ToVEMXEqUKg8dTURvVZy8,EDM,0.084,0.466,218906,0.786,0,4,0.563,-3.387,0,0.058,127.838,0.357
This Is What You Came For - Dillon Francis Remix,"Calvin Harris, Rihanna, Dillon Francis",1GJLqaSf3YAHzHlnrFjeCS,EDM,0.014,0.681,223000,0.915,0.001,9,0.127,-2.862,0,0.048,139.978,0.474
In My Head,Galantis,1PBk2knn4anq0vaS5KGDG2,EDM,0.006,0.548,221066,0.895,0.018,0,0.108,-2.794,1,0.039,127.829,0.616
You,Galantis,7gUg4GdOA6Y6yRDe36GIjK,EDM,0.008,0.184,221286,0.871,0.167,8,0.15,-3.245,0,0.066,127.972,0.21
All I Wanna Do,Martin Jensen,0BiGd2FNDQ0eh79ZHfp6tS,EDM,0.148,0.728,194360,0.794,0,1,0.069,-3.992,1,0.064,112.071,0.523
Alone,Marshmello,12mGwph2YzDIlChtq3EdXP,EDM,0.024,0.636,273803,0.953,0.016,2,0.108,-3.74,1,0.035,142.011,0.397
Weekend - Jai Wolf Remix,"Mocki, Jai Wolf",56uve6ghEMpAuEF5QTlTs2,EDM,0.279,0.75,249161,0.664,0,0,0.11,-7.771,1,0.046,140.055,0.595
I Got U,"Duke Dumont, Jax Jones",69gQgkobVW8bWjoCjBYQUd,EDM,0.004,0.647,285596,0.762,0.006,0,0.088,-7.765,1,0.036,120.832,0.451
You (feat. Katelyn Tarver) - Evan Berg Remix Edit,"Lost Kings, Katelyn Tarver, Evan Berg",4wxalzIz8Xl8gIYgQfxs4y,EDM,0.03,0.576,220167,0.791,0,9,0.079,-3.376,1,0.046,90.05,0.286
The Wave (feat. Madcon),"Matoma, Madcon",2aE5Nih0DGEVWhA9BVsiua,EDM,0.017,0.684,178000,0.602,0,10,0.113,-7.685,1,0.119,99.946,0.209
How You Love Me,"3LAU, Bright Lights",1nas007nDbzLwDGwvMdz79,EDM,0.182,0.513,210469,0.803,0,1,0.34,-3.635,1,0.082,127.927,0.292
Feels - Jai Wolf Remix,"Kiiara, Jai Wolf",57rOXabUKgkrwHPSqzo4s5,EDM,0.463,0.556,270222,0.762,0,1,0.096,-1.961,0,0.03,135.013,0.225
When We Were Young,"Dillon Francis, Sultan + Shepard , The Chain Gang Of 1974",1M9VOufdrCQS1SrsfbjznO,EDM,0.001,0.588,199640,0.842,0,1,0.313,-4.304,1,0.045,128.032,0.46
Cold Water (feat. Justin Bieber & MØ),"Major Lazer, Justin Bieber, MØ",7zsXy7vlHdItvUSH8EwQss,EDM,0.055,0.602,185360,0.797,0,6,0.187,-5.084,0,0.053,92.928,0.492
Light It Up (feat. Nyla & Fuse ODG) [Remix],"Major Lazer, Nyla, Fuse ODG",40MkEbKzuSW9ET6HBngqnK,EDM,0.038,0.747,166138,0.877,0.001,9,0.233,-3.782,0,0.066,107.991,0.752
Lean On (feat. MØ & DJ Snake),"Major Lazer, MØ, DJ Snake",4vS8VaBwJJV5Ry7UFIQuoo,EDM,0.003,0.723,176561,0.809,0.001,7,0.565,-3.081,0,0.063,98.007,0.274
Let Me Love You,"DJ Snake, Justin Bieber",0lYBSQXN6rCTvUZvg9S0lU,EDM,0.077,0.652,205947,0.713,0,8,0.144,-5.311,1,0.037,100.023,0.152
The Half,"DJ Snake, Jeremih, Young Thug, Swizz Beatz",69bDRy5MeWQl1lNeEJQIBE,EDM,0.011,0.705,217373,0.705,0,11,0.643,-3.393,1,0.12,170.031,0.445
Powerful (feat. Ellie Goulding & Tarrus Riley),"Major Lazer, Ellie Goulding, Tarrus Riley",37jalmkAdkohJQj98FGU7r,EDM,0.133,0.402,206920,0.794,0,11,0.133,-3.982,0,0.125,195.058,0.702
"Boom (feat. MOTi, TY Dolla $ign, Wizkid, & Kranium)","Major Lazer, MOTi, Ty Dolla $ign, WizKid, Kranium",56pOVpGoStk1PQpLGIyKmP,EDM,0.003,0.704,186448,0.784,0,7,0.419,-4.463,0,0.142,100.083,0.656
"Night Riders (feat. Travi$ Scott, 2 Chainz, Pusha T & Mad Cobra)","Major Lazer, Travis Scott, 2 Chainz, Pusha T, Mad Cobra",2SKwCzTG3flzBqYQhGWj8J,EDM,0.076,0.63,233333,0.888,0,11,0.26,-2.388,0,0.1,141.019,0.561
Don't Let Me Down - Illenium Remix,"The Chainsmokers, Daya, ILLENIUM",1yNbAK2NOZkJO0M1E7KpL6,EDM,0.075,0.428,218933,0.656,0.181,11,0.15,-3.712,1,0.075,79.648,0.355
Colors - Audien Remix,"Halsey, Audien",3WtCu35qpzGCLIGa8pczdu,EDM,0.062,0.631,270222,0.886,0,1,0.098,-2.016,1,0.117,135.032,0.672
Whole Lotta Lovin',"Mustard, Travis Scott",01gNiOqg8u7vT90uVgOVmz,EDM,0.154,0.438,299160,0.399,0,4,0.065,-8.752,0,0.062,160.159,0.405
Insomnia,"Audien, Parson James",2f4aFQQtbJ5EciN4pCC63S,EDM,0.131,0.621,214230,0.843,0,6,0.143,-1.55,1,0.093,127.991,0.528
Cool,"Alesso, Roy English",7vhOZ7D4z03Y0tYkxFAG15,EDM,0.034,0.525,221399,0.857,0,6,0.443,-2.413,0,0.032,128.016,0.515
Don't Look Down,"Martin Garrix, Usher",5M9jOReAKGZ2AttVefFjTY,EDM,0.004,0.575,223140,0.831,0,0,0.111,-5.972,1,0.036,127.991,0.377
"Do You Mind (feat. Nicki Minaj, Chris Brown, August Alsina, Jeremih, Future & Rick Ross)","DJ Khaled, Nicki Minaj, Chris Brown, August Alsina, Jeremih, Future, Rick Ross",4VJ7mnW4wjjIgPBM6KWvPu,EDM,0.017,0.412,325615,0.548,0,10,0.181,-6.981,1,0.243,81.293,0.176
Where Are Ü Now (with Justin Bieber),"Jack Ü, Skrillex, Diplo, Justin Bieber",66hayvUbTotekKU3H4ta1f,EDM,0.041,0.432,250286,0.781,0,4,0.079,-4.038,0,0.057,139.432,0.197
To Ü (feat. AlunaGeorge),"Jack Ü, Skrillex, Diplo, AlunaGeorge",3UgSQu6WwrXfKKDq019IHE,EDM,0.134,0.485,237000,0.928,0,10,0.217,-3.451,0,0.445,160.165,0.348
Shelter,"Porter Robinson, Madeon",3ISYGHoYnu4gos6JNMfL4z,EDM,0.003,0.276,218965,0.796,0,0,0.184,-4.499,1,0.058,199.526,0.26
Summer,Marshmello,1Hk0QRlUFCHYG6zIvUh0Xd,EDM,0.007,0.583,233239,0.748,0.024,6,0.22,-4.798,1,0.029,142.029,0.254
Weight in Gold - Ekali Remix,"Gallant, Ekali",4mRpWePw7B8ePqfP7aMD7S,EDM,0.307,0.458,199714,0.579,0,2,0.159,-4.513,0,0.218,131.917,0.195
All We Know,"The Chainsmokers, Phoebe Ryan",2rizacJSyD9S1IQUxUxnsK,EDM,0.097,0.662,194080,0.586,0.003,0,0.115,-8.821,1,0.031,90,0.296
Spirals (feat. King Deco),"Sound Remedy, ILLENIUM, King Deco",6XtSFFAy65MocQiaHMj2bp,EDM,0.019,0.229,361500,0.557,0,1,0.185,-5.507,1,0.036,135.029,0.056
My Way,Calvin Harris,1vvNmPOiUuyCbgWmtc6yfm,EDM,0.094,0.819,219160,0.913,0,4,0.161,-3.059,0,0.043,119.989,0.536
You're On (feat. Kyan),"Madeon, Kyan",4PTPZeJlK1rYlYr6bf11hk,EDM,0.023,0.49,192720,0.914,0,10,0.793,-3.202,1,0.167,100.1,0.241
Pay No Mind (feat. Passion Pit),"Madeon, Passion Pit",3rsq3qtqNBId48c0IVraTS,EDM,0.006,0.546,249440,0.852,0,1,0.159,-2.445,1,0.102,112.183,0.558
Hero (feat. Christina Perri),"Cash Cash, Christina Perri",0jPU39bL0SrCmYc1RwbFkX,EDM,0.063,0.47,197840,0.85,0,1,0.118,-2.825,0,0.036,149.876,0.148
Broken,"Tritonal, Jenaux, Adam Lambert",3NpncOG0HgkKbMAF8DTCma,EDM,0.008,0.591,207273,0.652,0,7,0.222,-7.347,1,0.034,110.006,0.231
