quadrant,track_name,id,genre,acousticness,danceability,duration_ms,energy,instrumentalness,key,liveness,loudness,mode,speechiness,tempo,valence
"e>=0.5, v>0.5",Esskeetit,44KKhCyI0BGS6LvVyDqJtH,Rap,0.022,0.932,181714,0.506,0.000,11,0.093,-7.755,1,0.161,139.974,0.696
"e>=0.5, v>0.5",Rude (Instrumental Version),3MRrI9xd9mkxLFWCFcwmAb,Acoustic,0.942,0.717,221751,0.518,0.850,1,0.139,-6.539,1,0.045,143.779,0.627
"e>=0.5, v>0.5",Closer,7BKLCZ1jbUBVqRi2FVlTVw,Pop,0.414,0.748,244960,0.524,0.000,8,0.111,-5.599,1,0.034,95.010,0.661
"e>=0.5, v>0.5",It Ain't Me (with Selena Gomez),3eR23VReFzcdmS7TYCrhCe,Pop,0.119,0.640,220781,0.533,0.000,0,0.086,-6.596,1,0.071,99.968,0.515
"e>=0.5, v>0.5",Maps (Instrumental Version),3CK264UGtEvPpbvVEadVIP,Acoustic,0.981,0.736,190573,0.534,0.866,1,0.198,-7.926,0,0.071,119.950,0.696
"e>=0.5, v>0.5",IDGAF,5BG3hnp2SmFmoBIs3YTqsm,Pop,0.040,0.836,217947,0.544,0.000,7,0.082,-5.975,1,0.094,97.028,0.510
"e>=0.5, v>0.5",Heaven,1HXy5I3HTWq8OvxCn0z7G7,Country,0.263,0.677,179507,0.556,0.000,9,0.105,-6.544,1,0.031,80.009,0.521
"e>=0.5, v>0.5",That's What I Like,0KKkJNfGyhkQ5aFogxQAPU,Pop,0.013,0.853,206693,0.560,0.000,1,0.094,-4.961,1,0.041,134.066,0.860
"e>=0.5, v>0.5",How Long,32DGGj6KlNuBr6WaqRxpxi,Pop,0.189,0.849,198237,0.581,0.000,1,0.081,-5.243,0,0.077,110.008,0.779
"e>=0.5, v>0.5",Look Alive (feat. Drake),4qKcDkK6siZ7Jp1Jb4m0aL,Rap,0.001,0.922,181263,0.581,0.000,10,0.105,-7.495,1,0.270,140.022,0.595
"e>=0.5, v>0.5",2 Vaults (feat. Lil Yachty),0KmgnnbSO6Iqye27Rdtv13,Rap,0.264,0.921,210000,0.586,0.000,8,0.119,-7.770,1,0.406,96.042,0.657
"e>=0.5, v>0.5",Tattoo (How 'Bout You),76bAIHM7qJk1iMDM4WbWoI,Pop,0.196,0.865,229295,0.591,0.000,0,0.078,-6.039,1,0.237,109.030,0.597
"e>=0.5, v>0.5",Falling,2wYHz0GOHV49Xezd5mWTDP,Pop,0.032,0.447,201385,0.594,0.000,5,0.111,-5.996,1,0.045,164.050,0.521
"e>=0.5, v>0.5",Tequila,7Il2yWQmsqKgSkLQvHTPUI,Country,0.029,0.474,195987,0.594,0.000,11,0.133,-5.756,1,0.029,86.131,0.503
"e>=0.5, v>0.5",Freaky Friday (feat. Chris Brown),10Igtw8bSDyyFs7KIsKngZ,Pop,0.147,0.755,216632,0.599,0.000,8,0.109,-5.042,1,0.224,133.123,0.755
"e>=0.5, v>0.5",Come Together,0pMBUD69Fl5Yxa9X9oV3qc,Acoustic,0.024,0.685,338560,0.608,0.838,4,0.082,-7.360,1,0.063,168.367,0.606
"e>=0.5, v>0.5",On The Loose,4kVo85bcmBkvMBcJl42XCA,Pop,0.007,0.721,223814,0.613,0.000,11,0.125,-7.051,0,0.033,124.012,0.665
"e>=0.5, v>0.5",We Don't Luv Em (Remix),2Y43TDqgnRgVZA7RxtxEV1,Rap,0.293,0.896,193776,0.615,0.000,6,0.122,-9.326,0,0.326,140.040,0.890
"e>=0.5, v>0.5",Sober Up,7bXvOMQ3UrcTS1dO9Ppzsg,Pop,0.277,0.647,218760,0.616,0.000,5,0.082,-4.948,1,0.027,93.019,0.790
"e>=0.5, v>0.5",What If I Go? (feat. Bonzai),3LjEaWzh33DiR8MtrVbJnI,EDM,0.375,0.487,200550,0.623,0.000,7,0.308,-7.388,1,0.464,200.155,0.894
"e>=0.5, v>0.5","Speakers, Bleachers And Preachers",0Is6MRHWKe7y2xIxDkvO6l,Country,0.302,0.603,192920,0.625,0.000,6,0.141,-6.563,1,0.026,96.020,0.651
"e>=0.5, v>0.5",Look At You,7AK5vh1cRnO3YxAjOjL4Yy,Country,0.042,0.687,195418,0.625,0.000,1,0.151,-6.942,0,0.028,104.027,0.866
"e>=0.5, v>0.5",Attention,4iLqG9SeJSnt0cSPICSjxv,Pop,0.097,0.774,211475,0.626,0.000,3,0.085,-4.432,0,0.043,100.041,0.777
"e>=0.5, v>0.5",Done For Me (feat. Kehlani),76S09sHj7GGMJAtOLjmVQ2,Pop,0.193,0.856,180493,0.632,0.000,6,0.069,-3.692,0,0.074,112.009,0.697
"e>=0.5, v>0.5",Sorry Not Sorry,25C5CowdsfXld2jJanbiex,Pop,0.025,0.701,203760,0.638,0.000,11,0.256,-6.889,0,0.238,144.084,0.868
"e>=0.5, v>0.5",1942,794QVQtFNy7hvtjQP1keQd,Rap,0.015,0.817,213080,0.646,0.000,4,0.125,-5.120,0,0.249,162.898,0.835
"e>=0.5, v>0.5",420 Freestyle,3gbN8NCqagIB9JO567Nw5C,Rap,0.006,0.923,215172,0.647,0.000,5,0.086,-5.690,0,0.072,145.006,0.536
"e>=0.5, v>0.5",Whatever It Takes,4IWAyPf1KMq7JCyGeCjTeH,Pop,0.043,0.675,201240,0.649,0.000,1,0.128,-4.953,1,0.032,134.955,0.537
"e>=0.5, v>0.5",Something Just Like This,1dNIEtp7AY3oDAKCGg2XkH,Pop,0.031,0.607,247627,0.649,0.000,11,0.174,-6.695,0,0.036,102.996,0.505
"e>=0.5, v>0.5",Shape of You,0FE9t6xYkqWXU2ahLh6D8X,Pop,0.581,0.825,233713,0.652,0.000,1,0.093,-3.183,0,0.080,95.977,0.931
"e>=0.5, v>0.5",No Roots,7anBA0IdgFaN3Pbyk2tog0,Pop,0.264,0.863,235813,0.657,0.006,7,0.071,-7.295,1,0.105,115.958,0.829
"e>=0.5, v>0.5",NO EXCUSES,7fCNUWi6uflDTQ08srxMZk,Pop,0.022,0.827,152862,0.658,0.000,6,0.042,-3.846,1,0.052,115.016,0.523
"e>=0.5, v>0.5",All On Me,2Nc8Imt04W3ZmcBF8dPQKc,Country,0.144,0.631,227573,0.658,0.000,5,0.220,-5.313,1,0.028,80.996,0.700
"e>=0.5, v>0.5",Coming Over,6m3ZWIXhjoV76syT1j2oE9,EDM,0.227,0.631,178333,0.661,0.000,5,0.166,-5.500,0,0.100,174.031,0.698
"e>=0.5, v>0.5",Weekend - Jai Wolf Remix,56uve6ghEMpAuEF5QTlTs2,EDM,0.279,0.750,249161,0.664,0.000,0,0.110,-7.771,1,0.046,140.055,0.595
"e>=0.5, v>0.5",The Screen,3c1E6jJ5G8tfNP4dckfLqb,Metal,0.013,0.615,589833,0.666,0.102,2,0.076,-6.750,0,0.036,126.153,0.531
"e>=0.5, v>0.5",No Promises (feat. Demi Lovato),1louJpMmzEicAn7lzDalPW,Pop,0.058,0.741,223504,0.667,0.000,10,0.106,-5.445,1,0.134,112.956,0.595
"e>=0.5, v>0.5","I'm the One (feat. Justin Bieber, Quavo, Chance the Rapper & Lil Wayne)",72Q0FQQo32KJloivv5xge2,Pop,0.053,0.599,288877,0.667,0.000,7,0.134,-4.267,1,0.037,80.984,0.817
"e>=0.5, v>0.5",JAPAN,4lTiuD1DwBKo4L7wqMkD7C,Rap,0.121,0.733,144149,0.678,0.000,6,0.345,-7.771,1,0.439,175.984,0.841
"e>=0.5, v>0.5",She Ain't in It,1Be8liECvEP5NYZjYvukbI,Country,0.123,0.560,198467,0.679,0.000,5,0.224,-4.527,1,0.024,92.928,0.622
"e>=0.5, v>0.5",Wild Thoughts (feat. Rihanna & Bryson Tiller),4IIUaKqGMElZ3rGtuvYlNc,Pop,0.029,0.613,204664,0.681,0.000,8,0.126,-3.089,1,0.078,97.621,0.619
"e>=0.5, v>0.5",Kiss Somebody,1mJMD1VIQ7jWTP9DK2zmY0,Country,0.143,0.492,212445,0.681,0.000,6,0.199,-7.038,1,0.075,178.010,0.511
"e>=0.5, v>0.5",Creeping (feat. Rich the Kid),7ms3VzLTfr7fXNOqA4Mkx9,Rap,0.011,0.729,179831,0.687,0.000,8,0.162,-8.060,0,0.250,160.085,0.683
"e>=0.5, v>0.5",B.I.D,6dnrppGRbt8fie18Lcd9Dd,Rap,0.103,0.767,164133,0.689,0.000,10,0.079,-5.573,0,0.085,154.957,0.555
"e>=0.5, v>0.5",Strangers,2U0pVx4m1Kdm1Gsjjm6iq8,EDM,0.013,0.577,204213,0.691,0.000,0,0.124,-7.437,0,0.039,129.984,0.507
"e>=0.5, v>0.5",Something 'Bout You,6QkObBYNxVVUYt4FSpnTqY,Country,0.189,0.692,160107,0.692,0.000,2,0.088,-6.065,1,0.082,153.255,0.750
"e>=0.5, v>0.5",New Rules,2ekn2ttSfGqwhhate0LSR0,Pop,0.003,0.762,209320,0.700,0.000,9,0.153,-6.021,0,0.069,116.073,0.608
"e>=0.5, v>0.5",Coming Home,7qLE35vc5XvUVrm8Kg9Vmx,Country,0.204,0.384,214728,0.705,0.000,4,0.069,-6.949,1,0.243,89.572,0.522
"e>=0.5, v>0.5",Ride,2Z8WuEywRWYTKe1NybPQEW,Pop,0.008,0.645,214507,0.713,0.000,6,0.113,-5.355,1,0.039,74.989,0.566
"e>=0.5, v>0.5",Chanel (feat. Swae Lee & Pharrell) - From Jxmtro,5D0YYVfsYxLmcrVAfoBPxR,Rap,0.006,0.980,264001,0.713,0.000,5,0.106,-4.980,1,0.047,125.030,0.670
"e>=0.5, v>0.5",Whole Lot in Love,5H4YGepZNnPhnOHA9vZSEP,Country,0.353,0.791,166787,0.715,0.000,7,0.115,-5.809,1,0.038,112.027,0.593
"e>=0.5, v>0.5","Let Me Go (with Alesso, Florida Georgia Line & watt)",5AEtlRudpgdT5FtNiuly6Y,Pop,0.039,0.659,174800,0.717,0.000,8,0.077,-4.202,1,0.058,103.036,0.710
"e>=0.5, v>0.5",I'd Be Jealous Too,7rdK9NSJIRBZAiXC0vuBS9,Country,0.090,0.716,185707,0.718,0.000,0,0.473,-5.355,1,0.029,100.934,0.537
"e>=0.5, v>0.5",Yours,6RSNKGdv3nDTHqgw4bdzyF,Country,0.119,0.555,216960,0.722,0.000,11,0.086,-6.005,1,0.034,134.058,0.559
"e>=0.5, v>0.5",Over My Head,3haxUceS8i97BLoB7WH3Mj,Pop,0.097,0.656,208233,0.723,0.000,11,0.343,-4.975,0,0.026,105.049,0.904
"e>=0.5, v>0.5",Into The Sunset,02E0dSRldGrrrJyTY7O4uA,EDM,0.476,0.435,207581,0.726,0.000,10,0.266,-6.153,1,0.137,123.938,0.609
"e>=0.5, v>0.5",Most People Are Good,79LAFAkR1ATb4iIQvZuCL0,Country,0.174,0.582,221801,0.728,0.000,8,0.139,-6.151,1,0.029,150.013,0.537
"e>=0.5, v>0.5",Nowhere Fast (feat. Kehlani),6Ww0J5EFjiPxkgZpEkRQVN,Pop,0.261,0.708,264173,0.729,0.000,11,0.069,-4.621,1,0.188,79.024,0.644
"e>=0.5, v>0.5",Side To Side,4pLwZjInHj3SimIyN9SnOz,Pop,0.041,0.648,226160,0.738,0.000,6,0.292,-5.883,0,0.247,159.145,0.603
"e>=0.5, v>0.5",Unforgettable,30MM5jWpUmOxtTNd9Ey5LZ,Country,0.032,0.663,157080,0.738,0.000,7,0.086,-5.480,1,0.030,130.020,0.825
"e>=0.5, v>0.5",Sit Next to Me - Radio Edit,3E5NUvTLszM8uymKQ227MP,Pop,0.087,0.678,202600,0.747,0.000,6,0.147,-5.416,0,0.029,97.004,0.815
"e>=0.5, v>0.5",Slower,7M1PQZeyqslVtY5ZiYBGLo,Country,0.107,0.687,172534,0.750,0.000,11,0.161,-4.537,1,0.097,98.987,0.911
"e>=0.5, v>0.5",Bad At Love,2TBQoW7s6iwKcg139ssqie,Pop,0.057,0.664,181279,0.753,0.000,0,0.088,-3.589,1,0.032,118.253,0.540
"e>=0.5, v>0.5",Everybody Hates Me,3pIigjAWkzwAonXpJ1fmSF,Pop,0.008,0.471,224027,0.755,0.000,11,0.368,-6.612,0,0.046,154.801,0.512
"e>=0.5, v>0.5",Rockabye (feat. Sean Paul & Anne-Marie),5knuzwU65gJK7IF5yJsuaW,Pop,0.406,0.720,251088,0.763,0.000,9,0.180,-4.068,0,0.052,101.965,0.742
"e>=0.5, v>0.5",Unforgettable,1F2HXIJrE2Xn81OzT2zZvW,Pop,0.029,0.726,233833,0.769,0.010,6,0.104,-5.043,1,0.123,97.985,0.733
"e>=0.5, v>0.5",SummerThing!,1KcnJTiXJXAqW5bB7zpkBC,EDM,0.057,0.707,235344,0.770,0.000,0,0.294,-5.450,1,0.075,130.053,0.762
"e>=0.5, v>0.5",Babe,5FNeJveCmVB2TPDbIYqK0M,Country,0.019,0.535,215107,0.777,0.000,4,0.136,-3.292,1,0.207,171.720,0.664
"e>=0.5, v>0.5",Slingshot,5J3LR9JWrZIUTG7UGZkIKg,Rap,0.056,0.928,89973,0.778,0.000,7,0.129,-6.962,0,0.252,122.998,0.668
"e>=0.5, v>0.5",Take Back Home Girl (feat. Tori Kelly),2gVBXeTjwL0ZEh9gjsQjk0,Country,0.368,0.494,211427,0.780,0.000,11,0.092,-3.825,1,0.064,159.708,0.664
"e>=0.5, v>0.5",Rover 2.0,7sB2rmolvEt77KFPCraSNc,Rap,0.189,0.914,275872,0.781,0.000,9,0.126,-5.467,0,0.302,140.090,0.806
"e>=0.5, v>0.5",One Number Away,4gB7HrYHbJVJ5RFOjxmoq4,Country,0.006,0.544,221800,0.781,0.000,6,0.191,-6.160,0,0.031,144.075,0.527
"e>=0.5, v>0.5",Meant to Be (feat. Florida Georgia Line),7iDa6hUg2VgEL1o1HjmfBn,Pop,0.047,0.643,163870,0.783,0.000,10,0.083,-6.458,1,0.086,154.084,0.579
"e>=0.5, v>0.5",Shoot Me Straight - Radio Edit,0ya80Qhw7hgeJp2L6zvxcj,Country,0.008,0.636,207053,0.784,0.000,2,0.081,-6.010,1,0.045,96.996,0.613
"e>=0.5, v>0.5","Boom (feat. MOTi, TY Dolla $ign, Wizkid, & Kranium)",56pOVpGoStk1PQpLGIyKmP,EDM,0.003,0.704,186448,0.784,0.000,7,0.419,-4.463,0,0.142,100.083,0.656
"e>=0.5, v>0.5",Trust Fund Baby,54j7EaJPDmSZYcNYvLSJ78,Pop,0.063,0.624,184460,0.785,0.000,8,0.135,-3.337,1,0.050,163.929,0.593
"e>=0.5, v>0.5",Believer,0CcQNd8CINkwQfe1RDtGV6,Pop,0.052,0.779,204347,0.787,0.000,10,0.140,-4.305,0,0.108,124.982,0.708
"e>=0.5, v>0.5",All I Wanna Do,0BiGd2FNDQ0eh79ZHfp6tS,EDM,0.148,0.728,194360,0.794,0.000,1,0.069,-3.992,1,0.064,112.071,0.523
"e>=0.5, v>0.5",Powerful (feat. Ellie Goulding & Tarrus Riley),37jalmkAdkohJQj98FGU7r,EDM,0.133,0.402,206920,0.794,0.000,11,0.133,-3.982,0,0.125,195.058,0.702
"e>=0.5, v>0.5",Feel It Still,7FESgYLcOufHqKlwrvJN60,Pop,0.041,0.780,163251,0.798,0.000,1,0.073,-5.151,0,0.061,78.969,0.771
"e>=0.5, v>0.5",There's Nothing Holdin' Me Back,79cuOz3SPQTuFrp8WgftAu,Pop,0.381,0.857,199440,0.800,0.000,2,0.091,-4.035,1,0.058,121.996,0.966
"e>=0.5, v>0.5",Cheap Thrills,6b3b7lILUJqXcp6w9wNQSm,Pop,0.056,0.592,224813,0.800,0.000,6,0.078,-4.931,0,0.215,89.972,0.728
"e>=0.5, v>0.5",When It Rains It Pours,1mMLMZYXkMueg65jRRWG1l,Country,0.013,0.551,240760,0.801,0.000,6,0.265,-5.069,1,0.030,128.027,0.625
"e>=0.5, v>0.5",24K Magic,2gFvRmQiWg9fN9i74Q0aiw,Pop,0.034,0.818,225983,0.803,0.000,1,0.153,-4.282,1,0.080,106.970,0.632
"e>=0.5, v>0.5",Mine,6tHWl8ows5JOZq9Yfaqn3M,Pop,0.014,0.716,133995,0.805,0.000,4,0.291,-3.839,1,0.086,142.886,0.719
"e>=0.5, v>0.5",Happens Like That,5Zx1zVpDJsNgyY3HvNfsfC,Country,0.189,0.557,171493,0.807,0.000,7,0.234,-5.428,1,0.083,81.045,0.578
"e>=0.5, v>0.5","These Days (feat. Jess Glynne, Macklemore & Dan Caplen)",5CLGzJsGqhCEECcpnFQA8x,Pop,0.194,0.653,210773,0.809,0.000,0,0.165,-4.057,1,0.047,92.213,0.550
"e>=0.5, v>0.5",Who Run It (Remix) [Feat. Lil Uzi Vert],36fmvm49vZC9VM5X2DQJVe,Rap,0.041,0.669,263343,0.809,0.000,6,0.378,-5.718,0,0.296,159.364,0.605
"e>=0.5, v>0.5",PROUD,365wwIjijQdlRJEjUWTidq,Rap,0.738,0.781,234667,0.810,0.000,10,0.144,-4.301,0,0.356,173.949,0.908
"e>=0.5, v>0.5",I Feel It Coming,0VeYT2aD9t65JgofFZGpKl,Pop,0.413,0.768,269187,0.814,0.000,0,0.084,-5.910,0,0.151,92.979,0.541
"e>=0.5, v>0.5",Bickenhead,17Yq72h0p15OhCbZ5lJ5gd,Rap,0.154,0.884,181624,0.814,0.000,7,0.158,-5.333,1,0.303,155.938,0.907
"e>=0.5, v>0.5",Despacito - Remix,5CtI0qwDJkDQGwXD1H1cLb,Pop,0.229,0.694,228827,0.815,0.000,2,0.092,-4.328,1,0.120,88.931,0.813
"e>=0.5, v>0.5",Famous,2HGymMoOdB4ZYv0AAqYmgF,Country,0.708,0.534,192520,0.815,0.000,5,0.111,-2.815,1,0.028,159.848,0.564
"e>=0.5, v>0.5",Stir Fry,2tek8UnoiJdkmpPMqa5KRQ,Pop,0.003,0.814,190288,0.819,0.000,2,0.133,-5.480,1,0.251,181.958,0.517
"e>=0.5, v>0.5",All Night,2Bb3mu3lfUrcRoTi3IcvQc,Pop,0.057,0.849,241898,0.823,0.000,4,0.086,-4.563,1,0.044,135.929,0.846
"e>=0.5, v>0.5",I Wanna Know,2kYqdSlrtovVMMIn6ykzba,EDM,0.076,0.651,240413,0.823,0.000,2,0.094,-3.632,1,0.033,115.946,0.505
"e>=0.5, v>0.5",Treat You Better,53B2XmmjJ9rriW1qciMBeX,Pop,0.121,0.450,187973,0.825,0.000,10,0.109,-4.066,0,0.372,82.823,0.742
"e>=0.5, v>0.5",Powerglide (feat. Juicy J) - From SR3MM,2yUbCEiaolfSMluDo9RMmG,Rap,0.015,0.712,332301,0.829,0.000,1,0.122,-4.707,0,0.141,173.953,0.593
"e>=0.5, v>0.5","CAN'T STOP THE FEELING! (Original Song from DreamWorks Animation's ""TROLLS"")",6JV2JOEocMgcZxYSZelKcc,Pop,0.012,0.667,236002,0.830,0.000,0,0.191,-5.715,1,0.075,113.030,0.701
"e>=0.5, v>0.5",Hangin' On,6CyJlVAEFlNdpggOLanytL,Country,0.065,0.434,185440,0.831,0.000,8,0.119,-4.774,1,0.045,156.034,0.596
"e>=0.5, v>0.5",Sweet Escape,6vPJvkEuWZPcv58NnQ3dBR,EDM,0.072,0.572,232533,0.839,0.000,2,0.197,-3.865,1,0.040,126.029,0.516
"e>=0.5, v>0.5",Life Changes,4Vxu50qVrQcycjRyJQaZLC,Country,0.105,0.687,190227,0.842,0.000,7,0.044,-4.382,1,0.058,87.968,0.778
"e>=0.5, v>0.5",Insomnia,2f4aFQQtbJ5EciN4pCC63S,EDM,0.131,0.621,214230,0.843,0.000,6,0.143,-1.550,1,0.093,127.991,0.528
"e>=0.5, v>0.5",Know Me,1aS1uzcAC14lduwuNJZjqE,EDM,0.006,0.664,206197,0.844,0.003,5,0.542,-5.012,0,0.041,142.056,0.557
"e>0.5, v<=0.5",Plug Walk,0gD6lWJhbXHWNVwQziSVvl,Rap,0.224,0.882,175511,0.503,0.000,11,0.108,-6.618,1,0.179,95.011,0.176
"e>0.5, v<=0.5",I Like Me Better,1wjzFQodRWrPcQ0AnYnvQ9,Pop,0.535,0.752,197437,0.505,0.000,9,0.104,-7.621,1,0.253,91.970,0.419
"e>0.5, v<=0.5",Good Old Days (feat. Kesha),3vGmmVqWM33agHxB19EcAi,Pop,0.446,0.712,240507,0.510,0.000,8,0.112,-8.162,1,0.063,122.964,0.268
"e>0.5, v<=0.5",Coming Home,4uEWUbAmN8CY8GwGEfVFTv,Acoustic,0.323,0.537,167868,0.514,0.000,11,0.087,-6.247,0,0.052,136.545,0.462
"e>0.5, v<=0.5",Havana,0ofbQMrRDsUaVKq2mGLEAb,Pop,0.186,0.768,216897,0.517,0.000,7,0.104,-4.323,0,0.031,104.992,0.418
"e>0.5, v<=0.5",I Will Wait (Instrumental),6ku8wWIPgkVW21HSQk6tjH,Acoustic,0.973,0.438,275628,0.520,0.880,1,0.115,-9.908,1,0.041,133.038,0.192
"e>0.5, v<=0.5",rockstar (feat. 21 Savage),7wGoVu4Dady5GV0Sv4UIsx,Pop,0.130,0.577,218320,0.522,0.000,5,0.142,-6.594,0,0.098,159.772,0.119
"e>0.5, v<=0.5",Not A Love Song,0olvO9l53TxK1j0v4wrC5y,Pop,0.140,0.737,192293,0.523,0.000,7,0.127,-10.250,1,0.070,91.993,0.305
"e>0.5, v<=0.5",Bad Company,3ZYwSDF9knZI0RVlKR4PHC,Rap,0.068,0.901,183809,0.529,0.000,8,0.536,-7.940,1,0.413,144.941,0.343
"e>0.5, v<=0.5",Young Dumb & Broke,5Z3GHaZ6ec9bsiI5BenrbY,Pop,0.199,0.798,202547,0.539,0.000,1,0.165,-6.351,1,0.042,136.949,0.394
"e>0.5, v<=0.5",Solitaire (feat. Migos & Lil Yachty),3DxZfFYJLwKDJtUwnLEhkL,Rap,0.027,0.811,139130,0.540,0.000,11,0.106,-7.977,0,0.329,138.016,0.436
"e>0.5, v<=0.5",Psycho (feat. Ty Dolla $ign),7wrDRQgHlvDnimrRHfQZxt,Pop,0.590,0.748,220880,0.546,0.000,8,0.112,-8.134,1,0.106,140.005,0.413
"e>0.5, v<=0.5",Habits (Stay High) [Instrumental Version],16MH7WjEbCNGzH9PrIMgfi,Acoustic,0.911,0.738,209925,0.547,0.890,5,0.112,-8.592,1,0.047,110.015,0.220
"e>0.5, v<=0.5","Do You Mind (feat. Nicki Minaj, Chris Brown, August Alsina, Jeremih, Future & Rick Ross)",4VJ7mnW4wjjIgPBM6KWvPu,EDM,0.017,0.412,325615,0.548,0.000,10,0.181,-6.981,1,0.243,81.293,0.176
"e>0.5, v<=0.5",Aries (YuGo) Part 2 (with Rae Sremmurd & Big Sean feat. Quavo & Pharrell),5NkfVQS8BkceRgoSQwcW6H,Rap,0.128,0.871,273087,0.552,0.000,4,0.272,-4.953,0,0.051,141.973,0.270
"e>0.5, v<=0.5",Pineapple (feat. Gucci Mane & Quavo),0TFVOjSvPTjFHkiZZekK5k,Rap,0.030,0.964,218261,0.555,0.001,5,0.128,-6.245,0,0.050,130.017,0.338
"e>0.5, v<=0.5",Spirals (feat. King Deco),6XtSFFAy65MocQiaHMj2bp,EDM,0.019,0.229,361500,0.557,0.000,1,0.185,-5.507,1,0.036,135.029,0.056
"e>0.5, v<=0.5",Psycho (feat. Ty Dolla $ign),65NwOZqoXny4JxqAPlfxRF,Rap,0.566,0.740,220880,0.558,0.000,8,0.112,-8.115,1,0.102,140.057,0.421
"e>0.5, v<=0.5",Say You Won't Let Go,1Pw5C4N6Fn5E4mGCxmbbVa,Pop,0.693,0.400,211240,0.564,0.000,10,0.086,-7.444,1,0.052,99.269,0.483
"e>0.5, v<=0.5",Rather Be - Acoustic Guitar Version,5m9DeYXRRC7w6sWJdZ6qz7,Acoustic,0.812,0.790,230000,0.569,0.899,8,0.098,-6.117,0,0.055,122.040,0.435
"e>0.5, v<=0.5",OKRA,74ZovzRxHBvCq5yIwe8boh,Rap,0.046,0.589,151027,0.570,0.000,1,0.137,-9.540,1,0.361,136.203,0.441
"e>0.5, v<=0.5",I Lived It,5slddJ629YcePvqD6Uyk8r,Country,0.476,0.557,219600,0.571,0.001,10,0.101,-8.106,1,0.028,80.981,0.392
"e>0.5, v<=0.5",1-800-273-8255,5aFQU3VPCQ3YGfKBA4tLfj,Pop,0.568,0.627,250173,0.572,0.000,5,0.198,-7.738,0,0.037,100.041,0.361
"e>0.5, v<=0.5",You Make It Easy,2ZxTjs4EdJl4Y9YByIiNoo,Country,0.143,0.375,196800,0.574,0.000,7,0.110,-5.305,1,0.032,132.025,0.406
"e>0.5, v<=0.5",Weight in Gold - Ekali Remix,4mRpWePw7B8ePqfP7aMD7S,EDM,0.307,0.458,199714,0.579,0.000,2,0.159,-4.513,0,0.218,131.917,0.195
"e>0.5, v<=0.5",End Of Discussion (feat. Lil Wayne),0qFX9pVJQB4lBMxRoFXqGr,Rap,0.176,0.784,236944,0.580,0.000,0,0.098,-6.656,1,0.167,76.484,0.338
"e>0.5, v<=0.5",Leave Right Now,0wyja8xD9cNhDtfuY0dVMP,Country,0.007,0.474,195667,0.583,0.000,4,0.128,-7.093,1,0.047,148.051,0.366
"e>0.5, v<=0.5",Now Or Never,1mDGDb2fUmUMdqV3tb8VKQ,Pop,0.107,0.670,214802,0.585,0.000,6,0.131,-4.861,0,0.035,110.030,0.447
"e>0.5, v<=0.5",All We Know,2rizacJSyD9S1IQUxUxnsK,EDM,0.097,0.662,194080,0.586,0.003,0,0.115,-8.821,1,0.031,90.000,0.296
"e>0.5, v<=0.5",Overload - The Chainsmokers Remix,18KDpXD6e2UGRA5ORND1CU,EDM,0.004,0.720,197016,0.587,0.000,8,0.109,-6.458,1,0.032,130.018,0.313
"e>0.5, v<=0.5",Top Off,1W6wxOOYyJyyok8fqYSZ3m,Rap,0.011,0.573,230713,0.591,0.000,11,0.455,-6.715,0,0.331,86.721,0.232
"e>0.5, v<=0.5",Tell Me You Love Me,5Htb1uFQ1KrkFXlefS8oGj,Pop,0.025,0.516,236987,0.592,0.000,3,0.181,-5.465,0,0.057,82.050,0.271
"e>0.5, v<=0.5","Hey, Soul Sister",0oqAf7pxrRFIj9hlebCRAQ,Acoustic,0.761,0.654,216921,0.593,0.883,4,0.084,-6.529,1,0.048,97.006,0.483
"e>0.5, v<=0.5",Starboy,7lQqaqZu0vjxzpdATOIsDt,Pop,0.159,0.680,230467,0.594,0.000,7,0.134,-7.021,1,0.280,186.040,0.475
"e>0.5, v<=0.5",Game of Thrones Medley,0LLK7yaku9bb3QAuf3py93,Acoustic,0.934,0.119,304227,0.594,0.910,5,0.105,-9.736,0,0.057,84.566,0.147
"e>0.5, v<=0.5",I Can't Stop,5WSL7UTa38jMWoBzObD4BD,EDM,0.001,0.524,305786,0.601,0.601,0,0.398,-13.399,0,0.034,139.972,0.314
"e>0.5, v<=0.5",The Wave (feat. Madcon),2aE5Nih0DGEVWhA9BVsiua,EDM,0.017,0.684,178000,0.602,0.000,10,0.113,-7.685,1,0.119,99.946,0.209
"e>0.5, v<=0.5",Wait,1Qg9jWGDkKAGZXj5v2OG59,Pop,0.089,0.659,190643,0.604,0.000,8,0.105,-5.084,1,0.054,126.135,0.407
"e>0.5, v<=0.5",What Lovers Do (feat. SZA),4mxWSdf71VFO52qFeY0fZt,Pop,0.077,0.795,199849,0.608,0.000,5,0.085,-5.222,0,0.069,110.001,0.386
"e>0.5, v<=0.5",123,2xCzUIQwX5Y3wEFJnHoc3J,Rap,0.196,0.880,170000,0.610,0.000,9,0.105,-5.257,1,0.402,135.993,0.383
"e>0.5, v<=0.5",SAD!,35ieKju5aLWFN5UgfJ27mL,Rap,0.258,0.740,166568,0.613,0.004,8,0.123,-4.880,1,0.145,75.023,0.473
"e>0.5, v<=0.5",Butterflies,30VHURM5NOfoZmqp2iKawS,Country,0.252,0.689,219053,0.614,0.000,4,0.178,-6.137,0,0.031,141.970,0.411
"e>0.5, v<=0.5",Chek,5SGYanjZguKYg5PgVzFsvR,Rap,0.199,0.879,202861,0.617,0.000,1,0.264,-6.333,1,0.254,144.399,0.345
"e>0.5, v<=0.5",All The Stars (with SZA),12SJpYZEdj4kzWZ8FPFg4Y,Pop,0.032,0.715,235540,0.620,0.014,5,0.088,-5.428,0,0.051,96.812,0.456
"e>0.5, v<=0.5",Maintain,1k9B8MqhGKbVV3dTpwUxn5,Rap,0.333,0.878,216240,0.620,0.000,2,0.391,-5.485,1,0.112,133.027,0.218
"e>0.5, v<=0.5",I Will Wait,2QYddNy8VSCk1mKP3eDN7H,Acoustic,0.235,0.363,247413,0.625,0.820,7,0.630,-7.518,1,0.081,148.967,0.209
"e>0.5, v<=0.5",Walk It Talk It,6n4U3TlzUGhdSFbUUhTvLP,Rap,0.074,0.909,276147,0.628,0.000,2,0.108,-5.456,1,0.201,145.905,0.406
"e>0.5, v<=0.5",One Dance,0JoaFxLgrqbWutREzcZBzS,Pop,0.008,0.771,173975,0.629,0.003,1,0.356,-5.790,1,0.051,103.918,0.362
"e>0.5, v<=0.5",Say Something,1LhMopPAallLeaeNutqbgS,Pop,0.103,0.707,278893,0.632,0.000,10,0.084,-7.031,1,0.079,97.040,0.372
"e>0.5, v<=0.5",Say Something,09ts3GnICqYEU5PkQCpJK3,Country,0.103,0.707,278893,0.632,0.000,10,0.084,-7.031,1,0.079,97.040,0.372
"e>0.5, v<=0.5",Stay (with Alessia Cara),0dA2Mk56wEzDgegdC6R17g,Pop,0.232,0.679,210091,0.634,0.000,5,0.115,-5.024,0,0.065,102.013,0.498
"e>0.5, v<=0.5",Too Young,1GccVBNboZ77oSBMYaUpo2,Pop,0.271,0.602,237147,0.635,0.000,4,0.083,-6.526,0,0.052,123.050,0.225
"e>0.5, v<=0.5",The Long Way,1KTLLe980WR4RLKg74Ud6e,Country,0.265,0.488,208653,0.637,0.000,10,0.106,-7.630,1,0.040,88.872,0.230
"e>0.5, v<=0.5",Paris,15vzANxN8G9wWfwAJLLMCg,Pop,0.024,0.646,221520,0.644,0.000,2,0.089,-6.763,1,0.031,99.999,0.251
"e>0.5, v<=0.5",Love Lies (with Normani),45Egmo7icyopuzJN0oMEdk,Pop,0.096,0.708,201707,0.648,0.000,6,0.134,-5.626,1,0.045,143.955,0.338
"e>0.5, v<=0.5",Inside Out,7sG2bWi2eDtvX9vX8yC1Gn,EDM,0.003,0.545,233773,0.650,0.000,7,0.122,-5.853,0,0.032,143.937,0.121
"e>0.5, v<=0.5",The Middle,2ARqIya5NAuvFVHSN3bL0m,Pop,0.208,0.748,184732,0.652,0.000,7,0.128,-3.020,1,0.058,106.914,0.431
"e>0.5, v<=0.5",Bounce Out With That,5lZsh9Qf7CbHI9Fcc7Zcsq,Rap,0.037,0.865,97202,0.652,0.000,8,0.093,-8.218,1,0.105,94.946,0.372
"e>0.5, v<=0.5",Paramedic!,2tPcTFiQF9MbVUyjZ3zDhA,Rap,0.177,0.856,219307,0.652,0.000,1,0.193,-5.324,1,0.143,97.017,0.471
"e>0.5, v<=0.5",Eyes On You,2u7Nm46dAujcAi5Rw79CJL,Country,0.323,0.606,182493,0.652,0.000,9,0.201,-6.982,1,0.028,97.155,0.476
"e>0.5, v<=0.5",Firestone (feat. Conrad Sewell),2sNvitW3TxiTeC9xT9f2ZZ,EDM,0.408,0.486,273684,0.652,0.000,11,0.077,-7.226,0,0.052,113.055,0.391
"e>0.5, v<=0.5",Broken,3NpncOG0HgkKbMAF8DTCma,EDM,0.008,0.591,207273,0.652,0.000,7,0.222,-7.347,1,0.034,110.006,0.231
"e>0.5, v<=0.5",Don't Let Me Down - Illenium Remix,1yNbAK2NOZkJO0M1E7KpL6,EDM,0.075,0.428,218933,0.656,0.181,11,0.150,-3.712,1,0.075,79.648,0.355
"e>0.5, v<=0.5",Diamond Teeth Samurai,3tdGYraExDxOA5js4hVRbA,Rap,0.005,0.799,162488,0.659,0.000,10,0.130,-5.593,0,0.272,177.957,0.256
"e>0.5, v<=0.5",Alone (Feat. Big Sean & Stefflon Don),3tbNT2X5tfMIVeUflYbZUZ,Pop,0.016,0.445,207458,0.662,0.000,2,0.219,-4.802,0,0.181,200.040,0.479
"e>0.5, v<=0.5",Keeper of the Flame - Radio Edit,6Hey64wSB5r98RMd4ozzsy,Country,0.303,0.631,219945,0.662,0.000,6,0.170,-6.392,1,0.033,116.563,0.268
"e>0.5, v<=0.5",Outside Today,5Qx9hngUBr30JFrNua7yp4,Rap,0.139,0.851,129105,0.666,0.000,11,0.105,-5.334,0,0.069,134.068,0.059
"e>0.5, v<=0.5",Let It Go,1wpyVNJcutD5uYyjDreWaW,Acoustic,0.809,0.602,241840,0.667,0.892,8,0.109,-7.550,1,0.032,140.038,0.489
"e>0.5, v<=0.5",Pray For Me (with Kendrick Lamar),4ofvoCdXq99vpMZO4Cfp8x,Pop,0.081,0.728,211440,0.668,0.000,2,0.102,-5.020,1,0.126,100.537,0.162
"e>0.5, v<=0.5",Never Be the Same (feat. Kane Brown),0xk4woi8ENN8VWFDZTcF8h,Country,0.238,0.600,225539,0.671,0.000,0,0.164,-4.875,1,0.089,129.782,0.250
"e>0.5, v<=0.5",Spoil My Night (feat. Swae Lee),5VuxWXbt7XENQCtE9TzpTv,Rap,0.337,0.669,194560,0.675,0.000,1,0.109,-2.869,1,0.034,160.911,0.262
"e>0.5, v<=0.5",Never Be the Same - Radio Edit,0BlY60NrN0fFWbdW3RW40q,Pop,0.156,0.652,227077,0.682,0.000,0,0.121,-4.380,1,0.079,129.942,0.269
"e>0.5, v<=0.5",Survive Sunrise,60AxESWxEK77yFQ9DGeOFQ,Metal,0.000,0.147,207318,0.682,0.879,5,0.128,-8.325,1,0.046,101.544,0.119
"e>0.5, v<=0.5",Running Out,2H8LPaY3NSjmOFMH2Rygnz,EDM,0.086,0.601,211200,0.682,0.004,10,0.132,-5.905,1,0.034,94.999,0.170
"e>0.5, v<=0.5",Red Roses (feat. Landon Cube),3ZhTT6yjZwpPph5MIJ53XY,Rap,0.547,0.691,262544,0.683,0.000,0,0.221,-7.335,1,0.095,140.002,0.456
"e>0.5, v<=0.5",Barbie Tingz,2qsQ8eVDPmobZpvDxQCVQu,Rap,0.085,0.917,191700,0.689,0.000,6,0.603,-6.225,1,0.264,102.414,0.443
"e>0.5, v<=0.5",Our Story - Radio Edit,4nP6jRqPZjFGDfBZpwxwh2,EDM,0.172,0.513,208125,0.689,0.000,8,0.248,-3.548,1,0.036,128.097,0.410
"e>0.5, v<=0.5",no tears left to cry,5SxkdsY1ufZzoq9iXceLw9,Pop,0.038,0.703,205947,0.696,0.000,0,0.274,-5.482,1,0.053,121.969,0.366
"e>0.5, v<=0.5",Until You Were Gone,12MqM3S0fTvR6X4Jt1Xvn6,EDM,0.054,0.577,215625,0.698,0.000,1,0.131,-4.773,1,0.045,128.061,0.324
"e>0.5, v<=0.5",Guatemala - From Swaecation,6sTDhYVVXU3HSDuG7mBLRU,Rap,0.185,0.849,256341,0.699,0.001,4,0.095,-5.193,0,0.057,100.989,0.078
"e>0.5, v<=0.5",The Half,69bDRy5MeWQl1lNeEJQIBE,EDM,0.011,0.705,217373,0.705,0.000,11,0.643,-3.393,1,0.120,170.031,0.445
"e>0.5, v<=0.5",Let Me Love You,0lYBSQXN6rCTvUZvg9S0lU,EDM,0.077,0.652,205947,0.713,0.000,8,0.144,-5.311,1,0.037,100.023,0.152
"e>0.5, v<=0.5",In My Blood,79jX8RM5CgPqDKdGEKNW9K,Pop,0.052,0.628,211600,0.715,0.000,5,0.119,-7.097,1,0.054,139.991,0.429
"e>0.5, v<=0.5",Let You Down,6mrKP2jyIQmM0rw6fQryjr,Pop,0.330,0.659,212120,0.716,0.000,5,0.173,-5.673,0,0.111,148.015,0.437
"e>0.5, v<=0.5",Sky Walker,1DRW9bQzt2SE8f7H4KJZyL,Pop,0.088,0.629,260077,0.717,0.000,6,0.358,-5.706,1,0.064,145.959,0.129
"e>0.5, v<=0.5","King's Dead (with Kendrick Lamar, Future & James Blake)",51rXHuKN8Loc4sUlKPODgH,Rap,0.001,0.563,229670,0.717,0.000,1,0.183,-5.186,1,0.337,82.064,0.427
"e>0.5, v<=0.5",Let Me Love You,4pdPtRcBmOSQDlJ3Fk945m,Pop,0.078,0.476,205947,0.718,0.000,8,0.122,-5.309,1,0.058,199.864,0.142
"e>0.5, v<=0.5",Hooked,6LF5IVPG7xBcvPgI6Bfcsl,Country,0.036,0.597,149293,0.721,0.000,9,0.083,-6.422,1,0.036,132.054,0.437
"e>0.5, v<=0.5",You Know You Like It,57kR5SniQIbsbVoIjjOUDa,EDM,0.011,0.426,247267,0.722,0.000,5,0.262,-5.369,0,0.196,196.133,0.250
"e>0.5, v<=0.5",66,6tarvNiKnEjYMj1VZhlDqR,Rap,0.046,0.667,153475,0.723,0.000,5,0.213,-4.310,0,0.270,148.057,0.251
"e>0.5, v<=0.5",Him & I (with Halsey),3YU6vJbjYUG0tiJyXf9x5V,Pop,0.053,0.589,268867,0.731,0.000,2,0.308,-6.343,1,0.087,87.908,0.191
"e>0.5, v<=0.5",Hearts Ain't Gonna Lie (with Jonas Blue),1bfPwJtmZdqv6MPY5Wr7eH,Pop,0.086,0.438,201264,0.731,0.000,6,0.130,-4.566,0,0.060,92.958,0.466
"e>0.5, v<=0.5",Smoke Filled Room,4f13AaRyukUTWleyKXaRDh,EDM,0.024,0.574,195503,0.731,0.000,11,0.078,-4.582,1,0.066,127.925,0.402
"e>0.5, v<=0.5",Cry Pretty,47gqRMoIkFm7Rac86xZVh7,Country,0.005,0.351,246467,0.736,0.000,6,0.109,-3.318,1,0.046,140.299,0.237
"e>0.5, v<=0.5",Stay,7gBj0VgcuAgkXkiRRYvSmK,EDM,0.044,0.648,239465,0.736,0.000,8,0.171,-7.948,1,0.039,103.027,0.378
"e>0.5, v<=0.5",Middle,2bKhIGdMdcqCqQ2ZhSv5nE,EDM,0.018,0.564,220573,0.737,0.000,9,0.054,-4.079,1,0.041,104.764,0.211
"e>0.5, v<=0.5",Scars To Your Beautiful,42ydLwx4i5V49RXHOozJZq,Pop,0.029,0.573,230227,0.739,0.000,0,0.111,-5.740,1,0.129,97.085,0.451
"e>0.5, v<=0.5",Blackout - Radio Edit,2qJLp4SATqV1OP5IDN7SMl,EDM,0.233,0.529,211690,0.739,0.001,7,0.112,-2.620,0,0.030,141.889,0.183
"e>0.5, v<=0.5",Leaving You,22qUyTlEvJf6DAlyQjMADe,EDM,0.021,0.638,212427,0.740,0.000,9,0.142,-4.928,0,0.058,128.045,0.454
"e>0.5, v<=0.5",Sacrifice Me,3jB905z3Niu90ooF1bu3IN,Metal,0.000,0.238,245982,0.741,0.000,4,0.096,-6.798,0,0.040,187.767,0.415
"e>0.5, v<=0.5",Is It Love,2ig0x2zNvcOugS1Z0YCnHb,EDM,0.067,0.643,228960,0.742,0.004,9,0.161,-7.200,1,0.041,125.001,0.294
"e>0.5, v<=0.5",Say My Name (feat. Zyra),1LeItUMezKA1HdCHxYICed,EDM,0.004,0.749,262957,0.745,0.395,6,0.075,-7.367,0,0.048,115.048,0.347
"e>0.5, v<=0.5",Everyday,6zOhgKfbMiQWToE6K13s2s,Pop,0.043,0.675,204827,0.748,0.000,1,0.079,-3.947,1,0.039,149.923,0.469
"e>0.5, v<=0.5",Summer,1Hk0QRlUFCHYG6zIvUh0Xd,EDM,0.007,0.583,233239,0.748,0.024,6,0.220,-4.798,1,0.029,142.029,0.254
"e>0.5, v<=0.5",I Got U,69gQgkobVW8bWjoCjBYQUd,EDM,0.004,0.647,285596,0.762,0.006,0,0.088,-7.765,1,0.036,120.832,0.451
"e>0.5, v<=0.5",Feels - Jai Wolf Remix,57rOXabUKgkrwHPSqzo4s5,EDM,0.463,0.556,270222,0.762,0.000,1,0.096,-1.961,0,0.030,135.013,0.225
"e>0.5, v<=0.5","Devil (feat. Busta Rhymes, B.o.B & Neon Hitch)",4bciEWCPPeR2UiVloDyUc5,EDM,0.055,0.613,210307,0.765,0.000,9,0.205,-2.974,0,0.057,144.893,0.335
"e>0.5, v<=0.5",Sober,0GOJobsbOSIF99y6CGr5o6,Pop,0.263,0.558,203960,0.766,0.000,6,0.320,-5.953,0,0.231,96.281,0.182
"e>0.5, v<=0.5",Chun-Li,2gTYVoQCUh0QNUaFix01ld,Rap,0.307,0.643,191606,0.766,0.000,6,0.107,-4.788,0,0.384,97.092,0.463
"e>0.5, v<=0.5","Woman, Amen",4YX7OBp0yoMwC6eZNNg5ky,Country,0.001,0.563,180243,0.772,0.000,5,0.214,-6.737,1,0.059,119.909,0.394
"e>0.5, v<=0.5",A$AP Forever,1YmF9PvLhIISIANoMLIYGq,Rap,0.224,0.469,233061,0.780,0.000,10,0.130,-6.490,0,0.122,125.999,0.444
"e>0.5, v<=0.5",Where Are Ü Now (with Justin Bieber),66hayvUbTotekKU3H4ta1f,EDM,0.041,0.432,250286,0.781,0.000,4,0.079,-4.038,0,0.057,139.432,0.197
"e>0.5, v<=0.5",KOD,7yotKA30dwTKNEGomV9ZsI,Rap,0.210,0.831,191437,0.782,0.000,0,0.113,-6.274,1,0.150,141.869,0.199
"e>0.5, v<=0.5",If I Lose Myself - Alesso vs OneRepublic,1hZk9dktp4yRFTm0TrycuH,EDM,0.219,0.523,214813,0.782,0.000,2,0.133,-4.846,1,0.041,125.998,0.164
"e>0.5, v<=0.5",This Is Love,1ToVEMXEqUKg8dTURvVZy8,EDM,0.084,0.466,218906,0.786,0.000,4,0.563,-3.387,0,0.058,127.838,0.357
"e>0.5, v<=0.5",Faux Pharaoh,73fRKpP43h62djNE8wJF2t,Metal,0.050,0.164,325613,0.789,0.000,9,0.206,-6.604,1,0.074,144.598,0.319
"e>0.5, v<=0.5",Lean On (feat. MØ & DJ Snake),4KcVVhAaHxqtX2ANt4b3tc,EDM,0.003,0.713,176561,0.790,0.001,7,0.485,-4.602,0,0.057,98.011,0.308
"e>0.5, v<=0.5",You (feat. Katelyn Tarver) - Evan Berg Remix Edit,4wxalzIz8Xl8gIYgQfxs4y,EDM,0.030,0.576,220167,0.791,0.000,9,0.079,-3.376,1,0.046,90.050,0.286
"e>0.5, v<=0.5",Disarm You (feat. Ilsey),3xQjivjUZ4KnUslduTEYKC,EDM,0.043,0.446,221133,0.793,0.000,5,0.159,-3.912,0,0.056,127.799,0.313
"e>0.5, v<=0.5",Untouchable,05dL7chWJaVjMJnGO1YCKk,EDM,0.066,0.542,228837,0.795,0.000,7,0.313,-3.131,1,0.038,128.959,0.251
"e>0.5, v<=0.5",Shelter,3ISYGHoYnu4gos6JNMfL4z,EDM,0.003,0.276,218965,0.796,0.000,0,0.184,-4.499,1,0.058,199.526,0.260
"e>0.5, v<=0.5",Be Right There,59ZSmCCe6Ao1qtptCqX9Tk,EDM,0.003,0.695,237051,0.797,0.112,7,0.664,-5.199,1,0.055,124.972,0.297
"e>0.5, v<=0.5",Cold Water (feat. Justin Bieber & MØ),7zsXy7vlHdItvUSH8EwQss,EDM,0.055,0.602,185360,0.797,0.000,6,0.187,-5.084,0,0.053,92.928,0.492
"e>0.5, v<=0.5",Chemical Solution,3J7DjOGqwhzdOyQt4zXUzF,Metal,0.000,0.555,240000,0.798,0.001,6,0.184,-6.356,0,0.036,138.026,0.403
"e>0.5, v<=0.5",Waste,3nPjOr3fbBHzsHNCWnEBC7,Metal,0.000,0.147,199347,0.799,0.845,0,0.252,-5.877,1,0.076,162.785,0.093
"e>0.5, v<=0.5",Krokodil,34H4FAZ801AXdF9zpVsxqZ,Metal,0.000,0.129,246644,0.799,0.680,5,0.103,-6.735,1,0.058,89.462,0.335
"e>0.5, v<=0.5",Drunk Me,3N2AIfVOq6NiTcWHIP4Oco,Country,0.201,0.386,213024,0.799,0.000,2,0.103,-3.789,1,0.056,86.333,0.391
"e>0.5, v<=0.5",Roses,3vv9phIu6Y1vX3jcqaGz5Z,EDM,0.044,0.713,226739,0.802,0.004,4,0.309,-7.055,1,0.056,100.001,0.343
"e>0.5, v<=0.5",How You Love Me,1nas007nDbzLwDGwvMdz79,EDM,0.182,0.513,210469,0.803,0.000,1,0.340,-3.635,1,0.082,127.927,0.292
"e>0.5, v<=0.5",Get Along,2ZFrEp20VO25BXYhMxh0GW,Country,0.100,0.602,199627,0.805,0.000,7,0.172,-6.079,1,0.047,92.401,0.322
"e>0.5, v<=0.5",Runaway (U & I),46lFttIf5hnUZMGvjK0Wxo,EDM,0.007,0.506,227074,0.805,0.002,1,0.086,-4.119,1,0.047,126.008,0.383
"e>0.5, v<=0.5",Wolves,0tBbt8CrmxbjRP0pueQkyU,Pop,0.129,0.720,197993,0.807,0.000,11,0.183,-4.590,0,0.043,124.946,0.305
"e>0.5, v<=0.5",Now Or Never - Radio Edit,5cr2MqXUs0TGaDByQnKVnX,EDM,0.108,0.527,251250,0.809,0.010,6,0.104,-4.037,0,0.042,127.925,0.309
"e>0.5, v<=0.5",Lean On (feat. MØ & DJ Snake),4vS8VaBwJJV5Ry7UFIQuoo,EDM,0.003,0.723,176561,0.809,0.001,7,0.565,-3.081,0,0.063,98.007,0.274
"e>0.5, v<=0.5",Thunder,0tKcYR2II1VCQWT79i5NrW,Pop,0.007,0.600,187147,0.810,0.210,0,0.155,-4.749,1,0.048,167.880,0.298
"e>0.5, v<=0.5",Do Or Die (feat. Childish Gambino),2BTPW7osibjN9gFDRY4mYN,EDM,0.000,0.624,245091,0.830,0.000,11,0.306,-5.018,0,0.121,145.146,0.432
"e>0.5, v<=0.5",Don't Look Down,5M9jOReAKGZ2AttVefFjTY,EDM,0.004,0.575,223140,0.831,0.000,0,0.111,-5.972,1,0.036,127.991,0.377
"e>0.5, v<=0.5",Anchor,69mlHIPayAZVzC32RaVty5,EDM,0.008,0.536,216923,0.832,0.000,8,0.054,-3.762,1,0.041,130.069,0.175
"e>0.5, v<=0.5",Something Better,33lXq3csEWwYNn6x0sM3Et,EDM,0.062,0.561,212619,0.837,0.000,2,0.254,-2.563,1,0.066,126.012,0.445
"e>0.5, v<=0.5",When We Were Young,1M9VOufdrCQS1SrsfbjznO,EDM,0.001,0.588,199640,0.842,0.000,1,0.313,-4.304,1,0.045,128.032,0.460
"e>0.5, v<=0.5",Is It Love - Arty Remix,1qJhb6zftFI5PT39nL84vw,EDM,0.004,0.454,202510,0.846,0.000,1,0.105,-4.577,0,0.076,128.064,0.216
"e>0.5, v<=0.5",Lose Yourself,3YYz8UgH5wK8JzUg0N7vM6,Metal,0.002,0.398,309241,0.847,0.000,2,0.105,-4.234,1,0.082,171.032,0.147
"e>0.5, v<=0.5",All We Need (feat. Shy Girls),5jnp8E61wcoF6qIEtDHQnJ,EDM,0.004,0.644,211200,0.848,0.017,4,0.063,-4.952,0,0.051,99.989,0.283
"e>0.5, v<=0.5",Rearview Town,3yHTTHbT058Ow0favhZO38,Country,0.023,0.526,184173,0.850,0.000,10,0.095,-4.470,0,0.031,141.973,0.338
"e>0.5, v<=0.5",Hero (feat. Christina Perri),0jPU39bL0SrCmYc1RwbFkX,EDM,0.063,0.470,197840,0.850,0.000,1,0.118,-2.825,0,0.036,149.876,0.148
"e>0.5, v<=0.5",Smells Like Teen Spirit,3FT92lQ7y5LzT2QOlhuwTg,Acoustic,0.157,0.497,247600,0.857,0.936,4,0.100,-5.525,0,0.056,115.989,0.166
"e>0.5, v<=0.5",Emotional,4yNoaxUJjnP50AXYoAZx4S,EDM,0.003,0.493,235276,0.865,0.276,11,0.107,-4.672,0,0.061,150.003,0.430
"e>0.5, v<=0.5",Don't Let Me Down,1i1fxkWeaMmKEB4T7zqbzK,Pop,0.157,0.532,208373,0.869,0.005,11,0.136,-5.094,1,0.172,159.803,0.422
"e>0.5, v<=0.5",Country Heroes,5akgD0VyDme6NGXi57DfqP,Metal,0.000,0.336,221920,0.870,0.329,9,0.053,-4.893,1,0.087,130.127,0.044
"e>0.5, v<=0.5",Us,6RXdg3NwyLU5pHUwkZq6VA,EDM,0.009,0.643,195333,0.870,0.000,11,0.058,-5.035,1,0.057,124.961,0.193
"e>0.5, v<=0.5",You,7gUg4GdOA6Y6yRDe36GIjK,EDM,0.008,0.184,221286,0.871,0.167,8,0.150,-3.245,0,0.066,127.972,0.210
"e>0.5, v<=0.5","So Long, And Thanks For All The Fish",4R5kwDx0ryIMiK2PKqbNVY,Metal,0.001,0.500,266093,0.873,0.061,2,0.072,-3.869,1,0.037,130.048,0.325
"e>0.5, v<=0.5",Candyman,0NWQTyapmz4GuDTSN9xTB7,EDM,0.023,0.573,178920,0.875,0.000,2,0.356,-4.057,0,0.052,149.974,0.235
"e>0.5, v<=0.5",Take Ü There (feat. Kiesza),2RpKh7kXSdO8NLrW9VQ46p,EDM,0.052,0.542,210000,0.879,0.000,6,0.171,-1.427,0,0.092,159.888,0.118
"e>0.5, v<=0.5",I Got You,1dbRZljBhUrIFrpLTXOXqq,Country,0.081,0.490,170440,0.880,0.000,7,0.103,-5.185,1,0.073,91.930,0.493
"e>0.5, v<=0.5",Surrogate,1NuxmVm3NykaYADimgML7v,Metal,0.000,0.513,261000,0.883,0.001,3,0.326,-4.093,0,0.046,119.975,0.253
"e>0.5, v<=0.5",A Meditation Upon Death,0rw4O9dcTXWYNygvsBHnab,Metal,0.000,0.105,347538,0.884,0.863,7,0.452,-8.288,1,0.063,177.732,0.227
"e>0.5, v<=0.5",Let You Go - Radio Edit,2Mh0jU5IyRTQfpyMnvki5Z,EDM,0.276,0.590,218973,0.887,0.000,5,0.080,-2.851,1,0.093,126.029,0.258
"e>0.5, v<=0.5",Keep It Mello (feat. Omar LinX),0Q3SC6kEhxYagDP3bFe5K9,EDM,0.001,0.686,243380,0.888,0.001,1,0.074,-3.348,1,0.086,142.015,0.108
"e>0.5, v<=0.5",Find Me,6aWiGv6hPG0o3ri7QHNs8t,EDM,0.000,0.557,180000,0.889,0.000,0,0.325,-4.045,1,0.050,142.015,0.173
"e>0.5, v<=0.5",Till It Hurts (feat. Ayden),6hJSH3jS9jG6khVclppBJw,EDM,0.001,0.550,188680,0.893,0.000,8,0.158,-4.048,1,0.031,144.982,0.278
"e>0.5, v<=0.5",Dropout,1PaejblOMlnQiMUUn85DBF,Metal,0.000,0.317,314994,0.894,0.028,2,0.081,-5.958,1,0.069,130.301,0.375
"e>0.5, v<=0.5",Fen of Shadows,0xGsgz7zJJwy2kNb3LEe1D,Metal,0.000,0.379,478507,0.898,0.469,4,0.484,-4.955,0,0.067,140.041,0.070
"e>0.5, v<=0.5",Juno,0AtM8eGmS8imRoJ9Y4La4E,Metal,0.006,0.584,312789,0.898,0.010,5,0.139,-6.352,0,0.048,108.009,0.260
"e>0.5, v<=0.5",Circle of Anger,6KXCrRVtuWbPms6DgE2cUu,Metal,0.006,0.177,239750,0.899,0.001,1,0.129,-6.522,1,0.055,60.002,0.464
"e>0.5, v<=0.5",Broken,5Cl9GDb0AyQnppRr6q7ldb,Metal,0.001,0.526,200311,0.903,0.000,2,0.111,-4.590,0,0.044,144.017,0.450
"e>0.5, v<=0.5",When Legends Rise,6wt1Y7oZoOPXTsG2calurz,Metal,0.000,0.437,172826,0.907,0.000,4,0.099,-4.284,0,0.245,124.033,0.477
"e>0.5, v<=0.5",Shotgun (feat. Rochelle),2LGfcxG9LcDOxnltIPE1Zq,EDM,0.013,0.664,193893,0.907,0.176,4,0.260,-3.213,0,0.033,144.956,0.226
"e>0.5, v<=0.5",Blame - R3HAB Trap Remix,0wRaAh1Km76Blq4qMJjjvN,EDM,0.029,0.614,212093,0.911,0.000,0,0.135,-4.102,0,0.044,141.941,0.175
"e>0.5, v<=0.5",Daggers of Black Haze,57n95eCpLXKEc6ww9Q2PKR,Metal,0.000,0.116,283529,0.914,0.775,4,0.128,-6.464,0,0.052,169.623,0.271
"e>0.5, v<=0.5",You're On (feat. Kyan),4PTPZeJlK1rYlYr6bf11hk,EDM,0.023,0.490,192720,0.914,0.000,10,0.793,-3.202,1,0.167,100.100,0.241
"e>0.5, v<=0.5",This Is What You Came For - Dillon Francis Remix,1GJLqaSf3YAHzHlnrFjeCS,EDM,0.014,0.681,223000,0.915,0.001,9,0.127,-2.862,0,0.048,139.978,0.474
"e<0.5, v>=0.5",Port Alex,5OPoGFel9ubOb09aQT55yw,Acoustic,0.860,0.606,142252,0.232,0.812,7,0.117,-18.124,1,0.093,177.822,0.641
"e<0.5, v>=0.5",Chime,3Zb3SXZdtyNA0Cdq0DWLeC,Acoustic,0.516,0.550,106286,0.327,0.819,1,0.115,-22.131,1,0.044,121.806,0.713
"e<0.5, v>=0.5",No Surprises,2EqLuzLRumAUy1A90UV2rz,Acoustic,0.939,0.753,242520,0.327,0.822,5,0.083,-14.524,1,0.067,139.987,0.552
"e<0.5, v>=0.5",Am I Wrong - Acoustic Guitar Version,4DQPbY5zjuRKDndrswinwP,Acoustic,0.672,0.828,183967,0.372,0.877,1,0.109,-10.967,0,0.091,121.027,0.569
"e<0.5, v>=0.5",Motiv8,1AT4xjNarTswd0UZ5FlmKF,Rap,0.135,0.869,133922,0.385,0.000,4,0.093,-7.801,1,0.297,149.897,0.596
"e<0.5, v>=0.5",All Time Low,5wQRNkb7OhzJoT1P0OZ4Rw,EDM,0.389,0.672,221333,0.386,0.000,0,0.084,-9.715,1,0.264,90.082,0.529
"e<0.5, v>=0.5",Sweet Child O' Mine,1OyrFYSp3fnpXakgTz4yxw,Acoustic,0.792,0.657,264720,0.399,0.913,7,0.151,-11.974,1,0.041,113.973,0.726
"e<0.5, v>=0.5",Make Me Feel,79GsUxLyzxgnN4I1E11dtO,Pop,0.132,0.859,194230,0.413,0.000,1,0.334,-7.399,1,0.182,115.035,0.697
"e<0.5, v>=0.5",Stay (Instrumental Version),7MfTO5QDPGGWD846Ar0Sva,Acoustic,0.436,0.796,215719,0.415,0.797,9,0.108,-13.755,0,0.051,120.999,0.572
"e<0.5, v>=0.5",Slow Hands,167NczpNbRF7oWakJaY3Hh,Pop,0.014,0.728,188174,0.426,0.000,0,0.055,-6.690,1,0.051,85.908,0.844
"e<0.5, v>=0.5",Written in the Sand,6usHXaTn54uwwozmH00d3X,Country,0.593,0.725,184080,0.437,0.000,6,0.084,-9.602,1,0.058,83.985,0.759
"e<0.5, v>=0.5",Stay (Instrumental),2WbkiKZxUoXd3ByUrUaRZo,Acoustic,0.995,0.671,242473,0.460,0.951,9,0.129,-13.887,0,0.049,112.003,0.775
"e<0.5, v>=0.5",Cool Kids (Instrumental Version),3AEV3hR5adfBog5CLhsWVS,Acoustic,0.909,0.761,242505,0.469,0.864,8,0.130,-7.674,1,0.056,130.076,0.554
"e<0.5, v>=0.5",The Lazy Song,2QI0djAPzksbQQiQZH5vqU,Acoustic,0.799,0.712,192836,0.481,0.830,11,0.084,-12.396,1,0.094,174.961,0.747
"e<=0.5, v<0.5","No Woman, No Cry (Arr. Kanneh-Mason)",1JUkO4vVk4LcvwP9sWBBRM,Acoustic,0.980,0.285,146019,0.023,0.146,2,0.117,-27.431,1,0.056,79.856,0.206
"e<=0.5, v<0.5",Skinny Love,2qhsUyXlhgQUfFNSR6ayuS,Acoustic,0.989,0.505,253567,0.029,0.895,6,0.099,-22.933,1,0.041,66.014,0.114
"e<=0.5, v<0.5",Let Her Go,2fIVdzd4JW4HnwzqrvCysf,Acoustic,0.989,0.257,192727,0.032,0.944,8,0.160,-23.030,1,0.042,205.506,0.268
"e<=0.5, v<0.5",Don't Let Me Down (Instrumental),18RRTF9SbEOM9h3aoMKeNc,Acoustic,0.994,0.702,180419,0.047,0.970,11,0.091,-22.900,1,0.068,132.039,0.132
"e<=0.5, v<0.5",Wrecking Ball,602bRvSIzuRyPUllVvhwUA,Acoustic,0.993,0.401,260576,0.065,0.917,9,0.103,-22.219,1,0.048,199.585,0.157
"e<=0.5, v<0.5",Angi,2wxpgRChMOPsE9lebeEzMj,Acoustic,0.961,0.475,147067,0.070,0.891,0,0.130,-22.699,0,0.047,153.597,0.497
"e<=0.5, v<0.5",Skinny Love (Instrumental),4qJYasnpFJQSIQl555fs7p,Acoustic,0.983,0.717,239940,0.077,0.933,11,0.141,-12.299,1,0.065,132.076,0.107
"e<=0.5, v<0.5",All of Me,6p711pj5pLIa6mVJrk2PAx,Acoustic,0.968,0.603,234543,0.095,0.927,5,0.114,-19.221,1,0.037,71.972,0.073
"e<=0.5, v<0.5",Wolf Whistle (feat. Dave Alley & Dave Khan),35BrErF6VAIne3YqPfyvDh,Acoustic,0.895,0.746,243960,0.126,0.427,7,0.095,-13.982,1,0.049,106.825,0.448
"e<=0.5, v<0.5",La Mer Peu Profonde,0qlwfXNM5YTxYzLMtZuTym,Acoustic,0.833,0.543,60387,0.148,0.881,5,0.110,-17.457,1,0.069,134.084,0.421
"e<=0.5, v<0.5",Across the Universe,5JeB0aWdpAZr5fR2cgHc5w,Acoustic,0.949,0.747,239960,0.167,0.824,1,0.108,-16.378,1,0.066,77.926,0.107
"e<=0.5, v<0.5",Young & Beautiful (Instrumental Version),1ZqYhYRDzSuuIypKZXaFZT,Acoustic,0.987,0.497,223478,0.174,0.917,11,0.147,-14.468,0,0.033,115.485,0.128
"e<=0.5, v<0.5",Blackbird (Arr. for Classical Guitar),3AvE9LrlIkqtH32RKm5DwE,Acoustic,0.952,0.272,133659,0.180,0.912,7,0.115,-17.314,1,0.037,101.115,0.289
"e<=0.5, v<0.5",Lay Me Down,64GRDrL1efgXclrhVCeuA0,Pop,0.919,0.468,219536,0.190,0.000,4,0.107,-11.138,1,0.037,125.319,0.326
"e<=0.5, v<0.5",When I Was Your Man (Instrumental Version),3zk7fxSrDMzWGtp5Mh7k2J,Acoustic,0.846,0.569,210860,0.211,0.891,7,0.107,-13.589,1,0.032,147.865,0.175
"e<=0.5, v<0.5",A Thousand Years,0E0xI4AgMNU7UkwBt3FCVN,Acoustic,0.989,0.230,275973,0.217,0.892,10,0.084,-13.464,1,0.039,157.084,0.156
"e<=0.5, v<0.5",Hotline Bling (Piano Arrangement),7hrWRhCCAE7kBfVBkXLEdT,Acoustic,0.980,0.425,232229,0.226,0.915,5,0.096,-16.979,1,0.041,125.398,0.066
"e<=0.5, v<0.5",All Of Me Violin Cover,2vcvckOg239y6j18Ei3JV0,Acoustic,0.904,0.491,281428,0.239,0.000,8,0.082,-13.648,1,0.035,125.865,0.198
"e<=0.5, v<0.5",Chasing Cars,4rY9mVRJWkb1zi7poObces,Acoustic,0.989,0.526,272363,0.246,0.901,9,0.097,-23.915,1,0.044,99.977,0.191
"e<=0.5, v<0.5",Black Hole Sun,7Ap7h823EAc1GBj6JKHBEK,Acoustic,0.985,0.759,148760,0.253,0.887,5,0.112,-15.709,0,0.051,98.984,0.266
"e<=0.5, v<0.5",Little Talks (Instrumental Version),6BkxPaEx2a10JGV4364hCh,Acoustic,0.921,0.705,217417,0.258,0.943,1,0.127,-11.161,1,0.036,101.967,0.239
"e<=0.5, v<0.5",Hey Jude,220cgqZrOmpWb4QGLrwmTR,Acoustic,0.904,0.252,207347,0.262,0.934,5,0.090,-14.570,1,0.036,182.482,0.499
"e<=0.5, v<0.5",In My Life,1Aod0worDm2ctoIbiLMmLp,Acoustic,0.609,0.427,245227,0.266,0.438,9,0.098,-12.726,1,0.030,79.777,0.141
"e<=0.5, v<0.5","i hate u, i love u (feat. olivia o'brien)",7vRriwrloYVaoAe3a9wJHe,Pop,0.687,0.492,251034,0.275,0.000,6,0.101,-13.400,0,0.300,92.600,0.180
"e<=0.5, v<0.5",Californication - Acoustic Guitar Cover,31KYw8j2NCgeDaTWrlTm0D,Acoustic,0.927,0.642,206234,0.281,0.870,9,0.095,-12.216,0,0.057,171.883,0.275
"e<=0.5, v<0.5",Apologize an Acoustic Tribute to One Republic,0fP8S6WD9NBX3KzGJpLfkC,Acoustic,0.922,0.478,170630,0.296,0.854,9,0.112,-14.341,0,0.051,135.318,0.253
"e<=0.5, v<0.5",Crazy in Love,6fh2YS29IrmW1yCHMlTDTM,Acoustic,0.937,0.233,232160,0.300,0.896,2,0.105,-15.242,0,0.035,170.816,0.034
"e<=0.5, v<0.5",Use Somebody,6Ku0bY5NhoSq9kU1fYz8BH,Acoustic,0.887,0.750,232548,0.310,0.907,5,0.128,-12.534,1,0.066,133.921,0.218
"e<=0.5, v<0.5",The A Team (Angels To Fly) (Instrumental),5EufMaUYHnFgnNE3C2wLd0,Acoustic,0.986,0.554,291424,0.312,0.927,8,0.112,-16.227,1,0.048,78.998,0.169
"e<=0.5, v<0.5",Neanderthal,6dLkbgtwhk5vzSLhbRlW8A,Acoustic,0.870,0.237,268040,0.317,0.939,6,0.110,-15.322,1,0.039,111.312,0.204
"e<=0.5, v<0.5",Viva la Vida,0EF2bRraxKDVqEDSg7OKYJ,Acoustic,0.959,0.657,244020,0.323,0.776,5,0.110,-17.188,0,0.045,137.000,0.301
"e<=0.5, v<0.5",SUU WHOOP,1pWeQDyW5ieMmfjr8HP5TU,Rap,0.033,0.799,185200,0.325,0.000,2,0.114,-9.910,1,0.506,157.966,0.233
"e<=0.5, v<0.5",The Long and Winding Road,41XWMcA73Z3snk9XpzeskX,Acoustic,0.253,0.486,229027,0.359,0.413,4,0.166,-11.556,1,0.034,134.214,0.241
"e<=0.5, v<0.5",You Found Me (made famous by The Fray ),0IPl0wpJXJTBFKgYnNxEFT,Acoustic,0.908,0.181,241974,0.383,0.929,8,0.125,-10.335,0,0.033,75.994,0.241
"e<=0.5, v<0.5",Break Up in the End,7uVkYr8gxcPEgqohvynpdN,Country,0.456,0.510,199436,0.386,0.000,1,0.252,-8.391,1,0.031,86.360,0.266
"e<=0.5, v<0.5",Wake Me Up (Instrumental),6JIViGhL0pnDwDNlWqUmyz,Acoustic,0.983,0.256,260551,0.395,0.872,8,0.174,-12.036,1,0.054,178.171,0.151
"e<=0.5, v<0.5",Love Story (made famous by Taylor Swift ),1URUMa7E9Rzd96i7Z9rFRd,Acoustic,0.857,0.480,234500,0.396,0.901,2,0.114,-8.567,1,0.032,119.950,0.124
"e<=0.5, v<0.5",Tucana - Instrumental,31W8L9o3Tr4c2QdIwQ98Wz,Acoustic,0.656,0.648,156360,0.399,0.798,4,0.090,-13.197,1,0.042,84.064,0.151
"e<=0.5, v<0.5",Whole Lotta Lovin',01gNiOqg8u7vT90uVgOVmz,EDM,0.154,0.438,299160,0.399,0.000,4,0.065,-8.752,0,0.062,160.159,0.405
"e<=0.5, v<0.5",Delicate,7CneiDesUKFJO3Ix01dnfr,Pop,0.216,0.750,232253,0.404,0.000,9,0.091,-10.178,0,0.068,95.045,0.050
"e<=0.5, v<0.5",Delicate,6NFyWDv5CjfwuzoCkw47Xf,Country,0.216,0.750,232253,0.404,0.000,9,0.091,-10.178,0,0.068,95.045,0.050
"e<=0.5, v<0.5",Marry Me,0OWZFobGSIW9GrSlQ9C5pc,Country,0.113,0.588,205453,0.408,0.000,3,0.130,-8.662,1,0.024,85.008,0.484
"e<=0.5, v<0.5",Chandelier (Instrumental Version),1HVLmKLkPyFbfO4IyLksG7,Acoustic,0.959,0.375,213109,0.414,0.898,1,0.102,-7.260,1,0.048,84.793,0.376
"e<=0.5, v<0.5",Little Lion Man (Instrumental Version),3UUmzrGEeNZoffRWu7gKrJ,Acoustic,0.501,0.532,211952,0.415,0.922,5,0.105,-14.672,1,0.030,141.827,0.266
"e<=0.5, v<0.5",You've Got To Hide Your Love Away,5p1p8YYZXlMJAaYEQE2ZZx,Acoustic,0.450,0.294,310867,0.416,0.439,7,0.115,-8.243,1,0.027,76.472,0.206
"e<=0.5, v<0.5",Skyfall,31J06ok5AORJFFF3xDVste,Acoustic,0.522,0.531,205411,0.424,0.891,0,0.158,-4.393,0,0.030,76.072,0.092
"e<=0.5, v<0.5",Issues,1sXUWdKx03aP9Gmzft58rt,Pop,0.368,0.683,176347,0.427,0.000,8,0.060,-6.827,1,0.078,113.634,0.426
"e<=0.5, v<0.5",Ric Flair Drip (& Metro Boomin),7sO5G9EABYOXQKNPNiE9NR,Rap,0.149,0.880,172800,0.428,0.000,9,0.114,-8.280,1,0.206,100.007,0.333
"e<=0.5, v<0.5",Prayer in C - Acoustic Guitar Version,0ATgOdkIvNNgpTnZJQp4Ck,Acoustic,0.128,0.886,203522,0.430,0.879,0,0.060,-12.156,1,0.118,122.999,0.378
"e<=0.5, v<0.5",I'm Yours,17ByZJPIM4RoKxeWbKtltD,Acoustic,0.498,0.557,249130,0.441,0.797,11,0.141,-8.270,1,0.039,154.115,0.370
